organization,subject_code,subject_code_key,description,description_variants,units,offered_semesters,source_academic_years,prerequisite_codes,prerequisite_logic,prerequisite_confidence,possible_prerequisite_codes,possible_prerequisite_logic,professor_surnames,sections,prerequisite_notes
CBAE,ADMAN,ADMAN,Administrative and Office Management,Administrative and Office Management,3,2nd Semester,AY 2025-2026,NONE,NONE,NONE_IDENTIFIED,NONE,NONE,LOPEZ,HR 201|HR 202,No clear prerequisite identified from the uploaded schedules.
CBAE,ADVCOM,ADVCOM,Adv Computer Application for Business,Adv Computer Application for Business | Adv.Computer App for Business,3,1st Semester|2nd Semester,AY 2025-2026|AY 2026-2027,NONE,NONE,NONE_IDENTIFIED,NONE,NONE,GAGARIN|LAYOS,EN 201|FM 102|FM 202|HR 101|HR 102|HR 103|MM 201|MM 202|MM 203|MM 204,No clear prerequisite identified from the uploaded schedules.
CBAE,ADVER,ADVER,Advertising,Advertising,3,1st Semester,AY 2026-2027,NONE,NONE,NONE_IDENTIFIED,NONE,NONE,ESCLAREZ,MM 201|MM 202|MM 203|MM 204,No clear prerequisite identified from the uploaded schedules.
CBAE,ARTAPP,ARTAPP,Art Appreciation,Art Appreciation,3,1st Semester|2nd Semester,AY 2025-2026|AY 2026-2027,NONE,NONE,NONE_IDENTIFIED,NONE,NONE,ACOSTA|ANTONIO|CANAY|CUADRA,EN 101|FM 201|FM 202|HR 101|HR 102|HR 103|MM 101|MM 102|MM 103,No clear prerequisite identified from the uploaded schedules.
CBAE,BANFIN,BANFIN,Banking and Financial Institutions,Banking and Financial Institutions,3,1st Semester,AY 2026-2027,NONE,NONE,NONE_IDENTIFIED,NONE,NONE,UNASSIGNED,FM 301|FM 302,No clear prerequisite identified from the uploaded schedules.
CBAE,BEHFIN,BEHFIN,Behavioral Finance,Behavioral Finance,3,1st Semester,AY 2026-2027,NONE,NONE,NONE_IDENTIFIED,NONE,NONE,BERNABE,FM 301|FM 302,No clear prerequisite identified from the uploaded schedules.
CBAE,BP IMPLE1,BPIMPLE1,Business Plan Implementation 1,Business Plan Implementation 1,5,1st Semester,AY 2026-2027,BPPRE,ALL,INFERRED_SEQUENCE,NONE,NONE,UNASSIGNED,EN 401,Business Plan Implementation 1 follows Business Plan Preparation.
CBAE,BP-IMPLEM2,BPIMPLEM2,Business Plan Implementation 2,Business Plan Implementation 2,5,2nd Semester,AY 2025-2026,BPIMPLE1,ALL,INFERRED_SEQUENCE,NONE,NONE,SAN JUAN,EN 401,Business Plan Implementation 2 follows Business Plan Implementation 1.
CBAE,BP-PRE,BPPRE,Business Plan Preparation,Business Plan Preparation,3,2nd Semester,AY 2025-2026,NONE,NONE,NONE_IDENTIFIED,NONE,NONE,SAN JUAN,EN 301,No clear prerequisite identified from the uploaded schedules.
CBAE,BUSLAW,BUSLAW,Business Law (OBLICON),Business Law (OBLICON) | Business Law(Obli-Con),3,1st Semester|2nd Semester,AY 2025-2026|AY 2026-2027,NONE,NONE,NONE_IDENTIFIED,NONE,NONE,SARABIA|TULOD,FM 102|FM 202|HR 201|HR 202|HR 203|MM 201|MM 202|MM 203,No clear prerequisite identified from the uploaded schedules.
CBAE,BUSRES,BUSRES,Business Research,Business Research,3,2nd Semester,AY 2025-2026,NONE,NONE,NONE_IDENTIFIED,NONE,NONE,ABAD|INSO|LOPEZ|TOLENTINO,HR 301|HR 302|HR 303|MM 301|MM 302|MM 303|MM 304,No clear prerequisite identified from the uploaded schedules.
CBAE,BUSTAX,BUSTAX,Business Law and Taxation,Business Law and Taxation,3,2nd Semester,AY 2025-2026,NONE,NONE,NONE_IDENTIFIED,NONE,NONE,SARABIA,EN 201,No clear prerequisite identified from the uploaded schedules.
CBAE,COMPAD,COMPAD,Compensation Administration,Compensation Administration,3,1st Semester|2nd Semester,AY 2025-2026|AY 2026-2027,NONE,NONE,NONE_IDENTIFIED,NONE,NONE,FALOGME|INSO,HR 301|HR 302|HR 303,No clear prerequisite identified from the uploaded schedules.
CBAE,CONWRLD,CONWRLD,The Contemporary World,The Contemporary World,3,1st Semester|2nd Semester,AY 2025-2026|AY 2026-2027,NONE,NONE,NONE_IDENTIFIED,NONE,NONE,ALONZO|CABRAL|CANAY|CORRALES|JABONITA|LAYOS,EN 201|FM 102|FM 202|HR 101|HR 102|HR 103|MM 101|MM 102|MM 103|MM 104,No clear prerequisite identified from the uploaded schedules.
CBAE,DISMAN,DISMAN,Distribution Management,Distribution Management,3,1st Semester,AY 2026-2027,NONE,NONE,NONE_IDENTIFIED,NONE,NONE,UNASSIGNED,MM 301|MM 302|MM 303,No clear prerequisite identified from the uploaded schedules.
CBAE,E-COMM,ECOMM,E-Commerce & Internet Mrktg.,E-Commerce & Internet Marketing | E-Commerce & Internet Mrktg.,3,1st Semester|2nd Semester,AY 2025-2026|AY 2026-2027,NONE,NONE,NONE_IDENTIFIED,NONE,NONE,CANAY,EN 301,No clear prerequisite identified from the uploaded schedules.
CBAE,ENMIND,ENMIND,The Entrepreneurial Mind,The Entrepreneurial Mind,3,2nd Semester,AY 2025-2026,NONE,NONE,NONE_IDENTIFIED,NONE,NONE,TANANGONAN,FM 201|FM 202,No clear prerequisite identified from the uploaded schedules.
CBAE,ENMND,ENMND,The Enterpreneurial Mind,The Enterpreneurial Mind | The Entrepreneurial MInd,3,2nd Semester,AY 2025-2026,NONE,NONE,NONE_IDENTIFIED,NONE,NONE,ABAD|LOPEZ|TELESFORO,HR 101|HR 102|HR 103|MM 101|MM 102|MM 103|MM 104,No clear prerequisite identified from the uploaded schedules.
CBAE,ENTREBE,ENTREBE,Entrepreneurship Behavior,Entrepreneurship Behavior,3,1st Semester,AY 2026-2027,NONE,NONE,NONE_IDENTIFIED,NONE,NONE,UNASSIGNED,EN 201,No clear prerequisite identified from the uploaded schedules.
CBAE,ENTREMAR,ENTREMAR,Entrepreneurship Marketing Strategies,Entrepreneurship Marketing Strategies,3,1st Semester,AY 2026-2027,NONE,NONE,NONE_IDENTIFIED,NONE,NONE,UNASSIGNED,EN 301,No clear prerequisite identified from the uploaded schedules.
CBAE,ETHICS,ETHICS,Business Ethics,Buisnes Ethics | Busines Ethics | Business Ethics | ETHICS,3,1st Semester|2nd Semester,AY 2025-2026|AY 2026-2027,NONE,NONE,NONE_IDENTIFIED,NONE,NONE,BIBAL|DELA CRUZ|LOPEZ,EN 101|FM 101|FM 102|HR 101|HR 102|HR 103|MM 201|MM 202|MM 203|MM 204,No clear prerequisite identified from the uploaded schedules.
CBAE,FILDIS,FILDIS,Filipino sa Ibat-ibang Disiplina,Filipino sa Iba't Ibang Disiplina | Filipino sa Iba't-ibang Disiplina | Filipino sa Ibat-ibang Disiplina,3,1st Semester|2nd Semester,AY 2025-2026|AY 2026-2027,NONE,NONE,NONE_IDENTIFIED,NONE,NONE,CABRAL|CUISON|LEI|MENDILA|MENDIOLA,EN 101|FM 101|FM 102|HR 101|HR 102|HR 103|MM 201|MM 202|MM 203|MM 204,No clear prerequisite identified from the uploaded schedules.
CBAE,FINARE,FINARE,Financial Analysis and Reporting,Financial Analysis and Reporting,3,2nd Semester,AY 2025-2026,NONE,NONE,NONE_IDENTIFIED,NONE,NONE,CAMACHO,FM 201|FM 202,No clear prerequisite identified from the uploaded schedules.
CBAE,FINMAN,FINMAN,Financial Management,Financial Management,3,1st Semester|2nd Semester,AY 2025-2026|AY 2026-2027,NONE,NONE,NONE_IDENTIFIED,PFIN,ALL,BRIOLA,EN 301|FM 102|FM 202,No clear prerequisite identified from the uploaded schedules. Possible review: Financial Management commonly follows Principles of Finance.
CBAE,FRANCH,FRANCH,Franchising,Franchising,3,1st Semester|2nd Semester,AY 2025-2026|AY 2026-2027,NONE,NONE,NONE_IDENTIFIED,NONE,NONE,VALENCIA,EN 201|FM 102|FM 202,No clear prerequisite identified from the uploaded schedules.
CBAE,FUNDACC,FUNDACC,Fundamentals of Accounting,Fundamentals of Accounting,3,1st Semester,AY 2026-2027,NONE,NONE,NONE_IDENTIFIED,NONE,NONE,UNASSIGNED,FM 101|FM 102,No clear prerequisite identified from the uploaded schedules.
CBAE,GGSR,GGSR,Good Governance & Social Responsibility,Good Governance & Social Responsibility,3,1st Semester,AY 2026-2027,NONE,NONE,NONE_IDENTIFIED,NONE,NONE,CANAY,FM 102|FM 202|HR 201|HR 202|HR 203|MM 101|MM 102|MM 103,No clear prerequisite identified from the uploaded schedules.
CBAE,HRMAN,HRMAN,Human Resource Management,Human Resource Management,3,1st Semester|2nd Semester,AY 2025-2026|AY 2026-2027,NONE,NONE,NONE_IDENTIFIED,NONE,NONE,ABAD|DELA CRUZ|DUCO|ESPIRITU|LAYOS|LOPEZ,EN 201|FM 201|FM 202|HR 101|HR 102|HR 103|MM 201|MM 202|MM 203|MM 204,No clear prerequisite identified from the uploaded schedules.
CBAE,INOVMN,INOVMN,Innovation Management,Innovation Management,3,1st Semester,AY 2026-2027,NONE,NONE,NONE_IDENTIFIED,NONE,NONE,DELA CRUZ,EN 301,No clear prerequisite identified from the uploaded schedules.
CBAE,INTEBUS,INTEBUS,International Business and Trade,International Business & Trade | International Business and Trade | Internationla Business and Trade,3,1st Semester|2nd Semester,AY 2025-2026|AY 2026-2027,NONE,NONE,NONE_IDENTIFIED,NONE,NONE,BIBAL,EN 201|FM 201|FM 202|HR 301|HR 302|MM 301|MM 302|MM 303,No clear prerequisite identified from the uploaded schedules.
CBAE,INTEMAR,INTEMAR,International Marketing,International Marketing,3,2nd Semester,AY 2025-2026,NONE,NONE,NONE_IDENTIFIED,NONE,NONE,TANANGONAN,MM 201|MM 202|MM 203,No clear prerequisite identified from the uploaded schedules.
CBAE,KOMFIL,KOMFIL,Kontekstwalisadong Komunikasyon,Kontekstwalisadong Komunikasyon,3,1st Semester|2nd Semester,AY 2025-2026|AY 2026-2027,NONE,NONE,NONE_IDENTIFIED,NONE,NONE,CARPILA|GARCHITORENA|MENDIOLA,EN 101|FM 101|FM 102|HR 101|HR 102|HR 103|MM 101|MM 102|MM 103|MM 104,No clear prerequisite identified from the uploaded schedules.
CBAE,LABLAW,LABLAW,Labor Law and Legislation,Labor Law and Legislation,3,2nd Semester,AY 2025-2026,NONE,NONE,NONE_IDENTIFIED,NONE,NONE,SARABIA,HR 201|HR 202,No clear prerequisite identified from the uploaded schedules.
CBAE,LABREL,LABREL,Labor Relations and Negotiations,Labor Relations and Negotiations,3,1st Semester,AY 2026-2027,NONE,NONE,NONE_IDENTIFIED,NONE,NONE,SARABIA,HR 401|HR 402|HR 403,No clear prerequisite identified from the uploaded schedules.
CBAE,LEAD 1,LEAD1,Leadershio1 Vision and Mission,Leadershio1 Vision and Mission | Leadership 1,1.5,1st Semester,AY 2026-2027,NONE,NONE,NONE_IDENTIFIED,NONE,NONE,UNASSIGNED,EN 101|FM 101|FM 102|HR 101|HR 102|HR 103|MM 101|MM 102|MM 103,No clear prerequisite identified from the uploaded schedules.
CBAE,LEAD2,LEAD2,Leadership2 _ Personal Development,Leadership 2 | Leadership2 _ Personal Development | Leadership2- Personal Development,1.5,2nd Semester,AY 2025-2026,LEAD1,ALL,INFERRED_SEQUENCE,NONE,NONE,JUVELYN|LORETO|MARIEL,EN 101|FM 101|FM 102|HR 101|HR 102|HR 103|MM 101|MM 102|MM 103|MM 104,Clear course sequence inferred from subject codes/descriptions.
CBAE,LEAD 3,LEAD3,Leadership 3 The Heart of a Leader,Leadership | Leadership 3 The Heart of a Leader | Leadership3 The Heart of a Leader,1.5,1st Semester,AY 2026-2027,LEAD2,ALL,INFERRED_SEQUENCE,NONE,NONE,UNASSIGNED,EN 201|FM 102|FM 202|HR 201|HR 202|HR 203|MM 201|MM 202|MM 203|MM 204,Clear course sequence inferred from subject codes/descriptions.
CBAE,LEAD4,LEAD4,Leadership4-The Hands of a Leader,Leadership | Leadership4-The Hands of a Leader,1.5,2nd Semester,AY 2025-2026,LEAD3,ALL,INFERRED_SEQUENCE,NONE,NONE,JUDE|JUVELYN|LORETO|MARIEL,EN 201|FM 201|FM 202|HR 201|HR 202|MM 201|MM 202|MM 203,Clear course sequence inferred from subject codes/descriptions.
CBAE,LEAD 5,LEAD5,Building the Skills,Building the Skills | Leadership | leadershipLeadership,1.5,1st Semester,AY 2026-2027,LEAD4,ALL,INFERRED_SEQUENCE,NONE,NONE,UNASSIGNED,EN 301|FM 301|FM 302|HR 301|HR 302|MM 301|MM 302|MM 303,Clear course sequence inferred from subject codes/descriptions.
CBAE,LEAD6,LEAD6,Leadership,Leadership,1.5,2nd Semester,AY 2025-2026,LEAD5,ALL,INFERRED_SEQUENCE,NONE,NONE,JUDE|JUVELYN|LORETO,EN 301|HR 301|HR 302|HR 303|MM 301|MM 302|MM 303|MM 304,Clear course sequence inferred from subject codes/descriptions.
CBAE,LEAD7,LEAD7,Values Formation 7,Leadership | Leadrship 7 Small Group | Values Formation 7,1.5,1st Semester,AY 2026-2027,LEAD6,ALL,INFERRED_SEQUENCE,NONE,NONE,UNASSIGNED,EN 401|HR 401|HR 402|HR 403|MM 401|MM 402|MM 403|MM 404,Clear course sequence inferred from subject codes/descriptions.
CBAE,LEAD8,LEAD8,Leadership,Leadership | Leadership 8,1.5,2nd Semester,AY 2025-2026,LEAD7,ALL,INFERRED_SEQUENCE,NONE,NONE,JUDE|LORETO|MARIEL,EN 401|HR 401|HR 402|MM 401|MM 402|MM 403,Clear course sequence inferred from subject codes/descriptions.
CBAE,LOGMAN,LOGMAN,Logistics Management,Logistic MAnagement | Logistics Management,3,1st Semester|2nd Semester,AY 2025-2026|AY 2026-2027,NONE,NONE,NONE_IDENTIFIED,NONE,NONE,BIBAL|DUCO|GAGARIN,HR 301|HR 302|HR 303,No clear prerequisite identified from the uploaded schedules.
CBAE,MANACC,MANACC,Managerial Accounting,Managerial Accounting,3,1st Semester|2nd Semester,AY 2025-2026|AY 2026-2027,NONE,NONE,NONE_IDENTIFIED,FUNDACC,ALL,BRIOLA|LASANG|LIM|URBANO,EN 201|FM 101|FM 102|HR 201|HR 202|MM 201|MM 202|MM 203,No clear prerequisite identified from the uploaded schedules. Possible review: Managerial Accounting commonly follows Fundamentals of Accounting.
CBAE,MARKCOB,MARKCOB,Market Reserach and Consumer Behaviour,Market Reserach and Consumer Behaviour,3,2nd Semester,AY 2025-2026,NONE,NONE,NONE_IDENTIFIED,NONE,NONE,VALENCIA,EN 201,No clear prerequisite identified from the uploaded schedules.
CBAE,MARKDEV,MARKDEV,NEW MARKET DEVELOPMENT,NEW MARKET DEVELOPMENT,3,1st Semester,AY 2026-2027,NONE,NONE,NONE_IDENTIFIED,NONE,NONE,UNASSIGNED,MM 401|MM 402|MM 403|MM 404,No clear prerequisite identified from the uploaded schedules.
CBAE,MARKRES,MARKRES,Marketing Research,Marketing Research,3,1st Semester,AY 2026-2027,NONE,NONE,NONE_IDENTIFIED,NONE,NONE,UNASSIGNED,MM 301|MM 302|MM 303,No clear prerequisite identified from the uploaded schedules.
CBAE,MARMAN,MARMAN,Marketing Management,Marketing Management,3,1st Semester|2nd Semester,AY 2025-2026|AY 2026-2027,NONE,NONE,NONE_IDENTIFIED,NONE,NONE,LIM|SARABIA|TELESFORO,EN 101|HR 201|HR 202|HR 203|MM 101|MM 102|MM 103|MM 104,No clear prerequisite identified from the uploaded schedules.
CBAE,MATHINV,MATHINV,Math of Investment,Math of Investment,3,1st Semester|2nd Semester,AY 2025-2026|AY 2026-2027,NONE,NONE,NONE_IDENTIFIED,NONE,NONE,TOLENTINO|TRAVILLA,FM 101|FM 102|HR 101|HR 102|HR 103|MM 101|MM 102|MM 103,No clear prerequisite identified from the uploaded schedules.
CBAE,MATHWRLD,MATHWRLD,Mathematics in the Modern World,Mathemathic in the Modern World | Mathemathics in the Modermn World | Mathemathics in the Modern World | Mathematics in the Modern World,3,1st Semester|2nd Semester,AY 2025-2026|AY 2026-2027,NONE,NONE,NONE_IDENTIFIED,NONE,NONE,MIRASOL|TRAVILLA,EN 101|FM 101|FM 102|HR 101|HR 102|HR 103|MM 101|MM 102|MM 103|MM 104,No clear prerequisite identified from the uploaded schedules.
CBAE,MICECO,MICECO,Basic Microeconomics,Basic Microeconomcs | Basic Microeconomics,3,1st Semester|2nd Semester,AY 2025-2026|AY 2026-2027,NONE,NONE,NONE_IDENTIFIED,NONE,NONE,CANAY,EN 201|FM 101|FM 102|HR 201|HR 202|MM 301|MM 302|MM 303,No clear prerequisite identified from the uploaded schedules.
CBAE,MICROFIN,MICROFIN,Microfinancing,Microfinancing,3,2nd Semester,AY 2025-2026,NONE,NONE,NONE_IDENTIFIED,NONE,NONE,CANAY,EN 301,No clear prerequisite identified from the uploaded schedules.
CBAE,MOPCEB,MOPCEB,Monetary Policy and Central Banking,Monetary Policy and Central Banking,3,1st Semester,AY 2026-2027,NONE,NONE,NONE_IDENTIFIED,NONE,NONE,UNASSIGNED,FM 301|FM 302,No clear prerequisite identified from the uploaded schedules.
CBAE,NSTP 1,NSTP1,National Service Training Program,National Service Training Prog. | National Service Training Program | National Service Training Program 1 | Nationl Service Training Prog.,3,1st Semester,AY 2026-2027,NONE,NONE,NONE_IDENTIFIED,NONE,NONE,GABUYA|MARTER,EN 101|FM 101|FM 102|HR 101|HR 102|HR 103|MM 101|MM 102|MM 103,No clear prerequisite identified from the uploaded schedules.
CBAE,NSTP2,NSTP2,National Service Training Prog II,National Service Training Prog II | National Service Training Program 2,3,2nd Semester,AY 2025-2026,NSTP1,ALL,INFERRED_SEQUENCE,NONE,NONE,CABACUB|CUBACUB|EVANGELISTA|MARTER,EN 101|FM 101|FM 102|HR 101|HR 102|HR 103|MM 101|MM 102|MM 103|MM 104,Clear course sequence inferred from subject codes/descriptions.
CBAE,OPMAN,OPMAN,Operations Management (TQM),Operation Management (TQM) | Operations Management (TQM) | Operations Mnagement,3,1st Semester,AY 2026-2027,NONE,NONE,NONE_IDENTIFIED,NONE,NONE,BERNABE|DELA CRUZ|GAGARIN,EN 301|FM 301|FM 302|HR 201|HR 202|HR 203|MM 201|MM 202|MM 203|MM 204,No clear prerequisite identified from the uploaded schedules.
CBAE,OPPOSE,OPPOSE,Opportunity Seeking,Opportunity Seeking,3,1st Semester,AY 2026-2027,NONE,NONE,NONE_IDENTIFIED,NONE,NONE,ESPIRITU,EN 201,No clear prerequisite identified from the uploaded schedules.
CBAE,ORGDEV,ORGDEV,Organizational Development,Organizational Development,3,2nd Semester,AY 2025-2026,NONE,NONE,NONE_IDENTIFIED,NONE,NONE,TELESFORO,HR 301|HR 302|HR 303,No clear prerequisite identified from the uploaded schedules.
CBAE,PATHFIT 1,PATHFIT1,Physical Activity Towrds Health and Firness,Movement Competency Training | Physical Activity Towards Health and Fitness | Physical Activity Towrds Health and Firness,2,1st Semester,AY 2026-2027,NONE,NONE,NONE_IDENTIFIED,NONE,NONE,GABUYA|PALADA,EN 101|FM 101|FM 102|HR 101|HR 102|HR 103|MM 101|MM 102|MM 103,No clear prerequisite identified from the uploaded schedules.
CBAE,PATHFIT2,PATHFIT2,Exercise Based Course,Exercise Based Course | Exercise-Based Course,2,2nd Semester,AY 2025-2026,PATHFIT1,ALL,INFERRED_SEQUENCE,NONE,NONE,GABUYA|NABUAB|PALADA|SALAZAR,EN 101|FM 101|FM 102|HR 101|HR 102|HR 103|MM 101|MM 102|MM 103|MM 104,Clear course sequence inferred from subject codes/descriptions.
CBAE,PATHFIT 3,PATHFIT3,Dance and Filtness Wellness,Dance Arts | Dance and Filtness Wellness | Dance and Fitness Wellness,2,1st Semester,AY 2026-2027,PATHFIT2,ALL,INFERRED_SEQUENCE,NONE,NONE,GABUYA|PALADA,EN 201|FM 102|FM 202|HR 201|HR 202|HR 203|MM 201|MM 202|MM 203|MM 204,Clear course sequence inferred from subject codes/descriptions.
CBAE,PATHFIT4,PATHFIT4,Sports,Sports,2,2nd Semester,AY 2025-2026,PATHFIT3,ALL,INFERRED_SEQUENCE,NONE,NONE,GABUYA|PALADA,EN 201|FM 201|FM 202|HR 201|HR 202|MM 201|MM 202|MM 203,Clear course sequence inferred from subject codes/descriptions.
CBAE,P.FIN,PFIN,Principles of Finance,PRINCIPLES OF FINANCE | Principles of Finance,3,2nd Semester,AY 2025-2026,NONE,NONE,NONE_IDENTIFIED,NONE,NONE,BRIOLA|CANAY|DELA CRUZ|ESPIRITU|INSO,EN 101|FM 101|FM 102|HR 101|HR 102|MM 101|MM 102|MM 103,No clear prerequisite identified from the uploaded schedules.
CBAE,PHILHIS,PHILHIS,Reading in Philippine History,Reading in Philippine History,3,1st Semester,AY 2026-2027,NONE,NONE,NONE_IDENTIFIED,NONE,NONE,CANAY|CORRALES|MENDIOLA|SALAZAR,EN 101|FM 101|FM 102|HR 101|HR 102|HR 103|MM 101|MM 102|MM 103,No clear prerequisite identified from the uploaded schedules.
CBAE,PHILHIST,PHILHIST,Readings in Philippine History,Readings in Philippine History,,1st Semester,AY 2026-2027,NONE,NONE,NONE_IDENTIFIED,NONE,NONE,UNASSIGNED,MM 103,No clear prerequisite identified from the uploaded schedules.
CBAE,P.MGT,PMGT,Principles of Management,Principles of Management,3,1st Semester,AY 2026-2027,NONE,NONE,NONE_IDENTIFIED,NONE,NONE,DUCO|ESPIRITU,EN 101|HR 101|HR 102|HR 103|MM 101|MM 102|MM 103,No clear prerequisite identified from the uploaded schedules.
CBAE,P.MKTG,PMKTG,Principles of Marketing,Principle of Marketing | Principles of Marketing,3,1st Semester,AY 2026-2027,NONE,NONE,NONE_IDENTIFIED,NONE,NONE,CANAY|LAYOS,EN 101|HR 101|HR 102|HR 103|MM 101|MM 102|MM 103,No clear prerequisite identified from the uploaded schedules.
CBAE,PRACT,PRACT,Practicum/Work Integrated Learning (600 Hours),Practicum/Work Integrated Learning (600 Hours) | Work Integrated Learning (600hrs),6,2nd Semester,AY 2025-2026,NONE,NONE,NONE_IDENTIFIED,NONE,NONE,JOSEN|LIM|TOLENTINO,HR 401|HR 402|MM 401|MM 402|MM 403,No clear prerequisite identified from the uploaded schedules.
CBAE,PRICOS,PRICOS,Pricing and Costing,Pricing and Costing,3,2nd Semester,AY 2025-2026,NONE,NONE,NONE_IDENTIFIED,NONE,NONE,LAYOS,EN 201,No clear prerequisite identified from the uploaded schedules.
CBAE,PRISTRAT,PRISTRAT,Pricing Strategy,Pricing Strategy,3,1st Semester,AY 2026-2027,NONE,NONE,NONE_IDENTIFIED,NONE,NONE,LAYOS,MM 201|MM 202|MM 203|MM 204,No clear prerequisite identified from the uploaded schedules.
CBAE,PRODMAN,PRODMAN,Product Management,Product Management,3,1st Semester,AY 2026-2027,NONE,NONE,NONE_IDENTIFIED,NONE,NONE,UNASSIGNED,MM 301|MM 302|MM 303,No clear prerequisite identified from the uploaded schedules.
CBAE,PROJMAN,PROJMAN,Project Management,Project Management,3,2nd Semester,AY 2025-2026,NONE,NONE,NONE_IDENTIFIED,NONE,NONE,TELESFORO,HR 201|HR 202,No clear prerequisite identified from the uploaded schedules.
CBAE,PROSAL,PROSAL,Professional Salesmanship,Professional Salesmanship,3,2nd Semester,AY 2025-2026,NONE,NONE,NONE_IDENTIFIED,NONE,NONE,TANANGONAN,MM 301|MM 302|MM 303|MM 304,No clear prerequisite identified from the uploaded schedules.
CBAE,PSPEAK,PSPEAK,Public Speaking,Public Speaking,3,2nd Semester,AY 2025-2026,NONE,NONE,NONE_IDENTIFIED,NONE,NONE,ACOSTA|BRIOLA|JABONITA,EN 201|MM 201|MM 202|MM 203,No clear prerequisite identified from the uploaded schedules.
CBAE,PURPCOMM,PURPCOMM,Purposive Communication,Purposive Communication,3,1st Semester,AY 2026-2027,NONE,NONE,NONE_IDENTIFIED,NONE,NONE,UNASSIGNED,EN 101|FM 101|FM 102|HR 101|HR 102|HR 103,No clear prerequisite identified from the uploaded schedules.
CBAE,RECSEL,RECSEL,Recruitement and Selection,Recruitement and Selection,3,1st Semester,AY 2026-2027,NONE,NONE,NONE_IDENTIFIED,NONE,NONE,DUCO,HR 201|HR 202|HR 203,No clear prerequisite identified from the uploaded schedules.
CBAE,RETMAN,RETMAN,Retail Management,Retail Management,3,2nd Semester,AY 2025-2026,NONE,NONE,NONE_IDENTIFIED,NONE,NONE,BIBAL,MM 301|MM 302|MM 303|MM 304,No clear prerequisite identified from the uploaded schedules.
CBAE,RIZAL,RIZAL,Rizal;s Life & Works,Rizal's LIfe & Works | Rizal's Life & Works | Rizal;s Life & Works,3,1st Semester|2nd Semester,AY 2025-2026|AY 2026-2027,NONE,NONE,NONE_IDENTIFIED,NONE,NONE,ANTONIO|CORRALES|DELACRUZ|LAYOS,EN 101|FM 102|FM 202|HR 201|HR 202|MM 201|MM 202|MM 203|MM 204,No clear prerequisite identified from the uploaded schedules.
CBAE,SCITECH,SCITECH,"Science, Technology and Society","Science, Technology and Society | Science, Technology, and Society",3,2nd Semester,AY 2025-2026,NONE,NONE,NONE_IDENTIFIED,NONE,NONE,CACERES,EN 101|MM 101|MM 102|MM 103|MM 104,No clear prerequisite identified from the uploaded schedules.
CBAE,SOCENT,SOCENT,Social Entrepreneurship,Social Entrepreneurship,3,1st Semester,AY 2026-2027,NONE,NONE,NONE_IDENTIFIED,NONE,NONE,ESCLAREZ,EN 301,No clear prerequisite identified from the uploaded schedules.
CBAE,SOSLIT,SOSLIT,Sosyedad at Literatura,Sosyedad at Literatura,3,1st Semester|2nd Semester,AY 2025-2026|AY 2026-2027,NONE,NONE,NONE_IDENTIFIED,NONE,NONE,CARPILA|COMPETENTE|CORRALES|CUADRA|EVANGELISTA|GARCHITORENA|SALAZAR,EN 201|FM 201|FM 202|HR 201|HR 202|HR 203|MM 101|MM 102|MM 103,No clear prerequisite identified from the uploaded schedules.
CBAE,SPT-HR,SPTHR,Special Topics in Human in Resource Management,Special Topics in Human in Resource Management,3,2nd Semester,AY 2025-2026,NONE,NONE,NONE_IDENTIFIED,NONE,NONE,OSIO,HR 401|HR 402,No clear prerequisite identified from the uploaded schedules.
CBAE,SPT-MM,SPTMM,Special Topics in Marketing Mgt,Special Topics in Marketing Mgt,3,2nd Semester,AY 2025-2026,NONE,NONE,NONE_IDENTIFIED,NONE,NONE,ESCLAREZ,MM 401|MM 402|MM 403,No clear prerequisite identified from the uploaded schedules.
CBAE,STATRES,STATRES,Statistics for Research,Statistics Research | Statistics for Research,3,1st Semester|2nd Semester,AY 2025-2026|AY 2026-2027,NONE,NONE,NONE_IDENTIFIED,NONE,NONE,TOLENTINO,FM 301|FM 302|HR 301|HR 302|MM 201|MM 202|MM 203,No clear prerequisite identified from the uploaded schedules.
CBAE,STRAMAN,STRAMAN,Strategic Management,Strategic Management,3,1st Semester|2nd Semester,AY 2025-2026|AY 2026-2027,NONE,NONE,NONE_IDENTIFIED,NONE,NONE,ABAD|CANAY|DELA CRUZ|TELESFORO|TOLENTINO,EN 301|FM 301|FM 302|HR 301|HR 302|HR 303|MM 201|MM 202|MM 203|MM 301|MM 302|MM 303|MM 304,No clear prerequisite identified from the uploaded schedules.
CBAE,TAX,TAX,Taxation,Taxation,3,1st Semester|2nd Semester,AY 2025-2026|AY 2026-2027,NONE,NONE,NONE_IDENTIFIED,NONE,NONE,CAMACHO|TULOD,FM 201|FM 202|HR 201|HR 202|HR 203|MM 201|MM 202|MM 203,No clear prerequisite identified from the uploaded schedules.
CBAE,THESIS,THESIS,THESIS,THESIS,3,1st Semester,AY 2026-2027,NONE,NONE,NONE_IDENTIFIED,BUSRES|MARKRES|STATRES,ANY,DELA CRUZ,HR 401|HR 402|HR 403|MM 401|MM 402|MM 403|MM 404,No clear prerequisite identified from the uploaded schedules. Possible review: Thesis likely follows a research-method subject; the applicable course depends on the program.
CBAE,TRACK 1,TRACK1,Agribusiness,Agribusiness,3,1st Semester,AY 2026-2027,NONE,NONE,NONE_IDENTIFIED,NONE,NONE,UNASSIGNED,EN 301,No clear prerequisite identified from the uploaded schedules.
CBAE,TRACK2,TRACK2,Tourism Business,Tourism Business,3,2nd Semester,AY 2025-2026,NONE,NONE,NONE_IDENTIFIED,NONE,NONE,TANANGONAN,EN 301,No clear prerequisite identified from the uploaded schedules.
CBAE,TRACK 3,TRACK3,Service Business,Service Business,3,1st Semester,AY 2026-2027,NONE,NONE,NONE_IDENTIFIED,NONE,NONE,DELA CRUZ,EN 401,No clear prerequisite identified from the uploaded schedules.
CBAE,TRACKS 4,TRACKS4,Export Business,Export Business,3,2nd Semester,AY 2025-2026,NONE,NONE,NONE_IDENTIFIED,NONE,NONE,GAGARIN,EN 401,No clear prerequisite identified from the uploaded schedules.
CBAE,TRADEV,TRADEV,Training and Development,Training and Development,3,2nd Semester,AY 2025-2026,NONE,NONE,NONE_IDENTIFIED,NONE,NONE,ABAD|OSIO,HR 201|HR 202,No clear prerequisite identified from the uploaded schedules.
CBAE,UNDSELF,UNDSELF,Understanding the Self/Pagunawa sa Sarili,Understanding the Self/Pagunawa sa Sarili,,1st Semester,AY 2026-2027,NONE,NONE,NONE_IDENTIFIED,NONE,NONE,UNASSIGNED,MM 103,No clear prerequisite identified from the uploaded schedules.
CBAE,UNSELF,UNSELF,Understanding the Self,Understanding the Self,3,1st Semester,AY 2026-2027,NONE,NONE,NONE_IDENTIFIED,NONE,NONE,DUCO|GABUYA|JUMADIAO|LEI|SALAZAR,EN 101|FM 101|FM 102|HR 101|HR 102|HR 103|MM 101|MM 102|MM 103,No clear prerequisite identified from the uploaded schedules.
CCS,ADET,ADET,Application Development and Emerging Technologies LEC,Application Development and Emerging Technologies LEC,2,1st Semester,AY 2026-2027,NONE,NONE,NONE_IDENTIFIED,PROG1,ALL,ANGAC,IT 208,No clear prerequisite identified from the uploaded schedules. Possible review: Possible curriculum prerequisite; verify before enforcing.
CCS,ADETL,ADETL,Application Development and Emerging Technologies LAB,Application Development and Emerging Technologies LAB,1,1st Semester,AY 2026-2027,NONE,NONE,NONE_IDENTIFIED,PROG1L,ALL,ANGAC,IT 208,No clear prerequisite identified from the uploaded schedules. Possible review: Possible curriculum prerequisite; verify before enforcing.
CCS,ADVMOB,ADVMOB,Advance Mobile Computing LEC,Advance Mobile Computing LEC,2,2nd Semester,AY 2025-2026,BMC,ALL,INFERRED_SEQUENCE,NONE,NONE,UNASSIGNED,IT 301|IT 302|IT 303|IT 304|IT 305|IT 306|IT 307,Clear course sequence inferred from subject codes/descriptions.
CCS,ADVMOBL,ADVMOBL,Advance Mobile Computing LAB,Advance Mobile Computing LAB,1,2nd Semester,AY 2025-2026,BMCL,ALL,INFERRED_SEQUENCE,NONE,NONE,CACHO,IT 301|IT 302|IT 303|IT 304|IT 305|IT 306|IT 307,Clear course sequence inferred from subject codes/descriptions.
CCS,ARCHORG,ARCHORG,Computer Architecture and Organization LEC,Computer Architecture and Organization LEC,2,2nd Semester,AY 2025-2026,NONE,NONE,NONE_IDENTIFIED,NONE,NONE,UNASSIGNED,IT 301|IT 302|IT 303|IT 304|IT 305|IT 306|IT 307,No clear prerequisite identified from the uploaded schedules.
CCS,ARCHORGL,ARCHORGL,Computer Architecture and Organization LAB,Computer Architecture and Organization LAB,1,2nd Semester,AY 2025-2026,NONE,NONE,NONE_IDENTIFIED,NONE,NONE,CRUZ|ESGUERRA,IT 301|IT 302|IT 303|IT 304|IT 305|IT 306|IT 307,No clear prerequisite identified from the uploaded schedules.
CCS,ARTAPP,ARTAPP,Art Appreciation,Art Appreciation,3,1st Semester,AY 2026-2027,NONE,NONE,NONE_IDENTIFIED,NONE,NONE,ACOSTA|CORRALES|DE ASIS|DELARMENTE|GERONIMO,IT 301|IT 302|IT 303|IT 304|IT 305|IT 306|IT 307,No clear prerequisite identified from the uploaded schedules.
CCS,AVE,AVE,Animation and Video Editing LEC,Animation and Video Editing LEC,2,1st Semester,AY 2026-2027,NONE,NONE,NONE_IDENTIFIED,NONE,NONE,BAUTISTA|QUINTO|UMALI,IT 201|IT 202|IT 203|IT 204|IT 205|IT 206|IT 207,No clear prerequisite identified from the uploaded schedules.
CCS,AVEL,AVEL,Animation and Video Editing LAB,Animation and Video Editing LAB,1,1st Semester,AY 2026-2027,NONE,NONE,NONE_IDENTIFIED,NONE,NONE,BAUTISTA|QUINTO|UMALI,IT 201|IT 202|IT 203|IT 204|IT 205|IT 206|IT 207,No clear prerequisite identified from the uploaded schedules.
CCS,BMC,BMC,Basic Mobile Computing LEC,Basic Mobile Computing LEC,2,1st Semester,AY 2026-2027,NONE,NONE,NONE_IDENTIFIED,OOP,ALL,CACHO|VALENCIA,IT 301|IT 302|IT 303|IT 304|IT 305|IT 306|IT 307,No clear prerequisite identified from the uploaded schedules. Possible review: Possible curriculum prerequisite; verify before enforcing.
CCS,BMCL,BMCL,Basic Mobile Computing LAB,Basic Mobile Computing LAB,1,1st Semester,AY 2026-2027,NONE,NONE,NONE_IDENTIFIED,OOPL,ALL,CACHO|VALENCIA,IT 301|IT 302|IT 303|IT 304|IT 305|IT 306|IT 307,No clear prerequisite identified from the uploaded schedules. Possible review: Possible curriculum prerequisite; verify before enforcing.
CCS,BUSANA,BUSANA,Business Analytics,Business Analytics,3,1st Semester,AY 2026-2027,NONE,NONE,NONE_IDENTIFIED,NONE,NONE,VALENCIA,IT 401|IT 402|IT 403|IT 404|IT 405|IT 406|IT 407,No clear prerequisite identified from the uploaded schedules.
CCS,CAO,CAO,Computer Architecture and Organization LEC,Computer Architecture and Organization LEC,2,1st Semester,AY 2026-2027,NONE,NONE,NONE_IDENTIFIED,NONE,NONE,CRUZ|ESGUERRA,IT 301|IT 302|IT 303|IT 304|IT 305|IT 306|IT 307,No clear prerequisite identified from the uploaded schedules.
CCS,CAOL,CAOL,Computer Architecture and Organization LAB,Computer Architecture and Organization LAB,1,1st Semester,AY 2026-2027,NONE,NONE,NONE_IDENTIFIED,NONE,NONE,CRUZ|ESGUERRA,IT 301|IT 302|IT 303|IT 304|IT 305|IT 306|IT 307,No clear prerequisite identified from the uploaded schedules.
CCS,CAPS2,CAPS2,Capstone Project and Research 2 LEC,Capstone Project and Research 2 LEC,2,1st Semester,AY 2026-2027,CAPSTONE1,ALL,INFERRED_SEQUENCE,NONE,NONE,MAUPAY|RODRIGO,IT 401|IT 402|IT 403|IT 404|IT 405|IT 406|IT 407,Clear course sequence inferred from subject codes/descriptions.
CCS,CAPS2L,CAPS2L,Capstone Project and Research 2 LAB,Capstone Project and Research 2 LAB,1,1st Semester,AY 2026-2027,CAPSTONE1L,ALL,INFERRED_SEQUENCE,NONE,NONE,MAUPAY|RODRIGO,IT 401|IT 402|IT 403|IT 404|IT 405|IT 406|IT 407,Clear course sequence inferred from subject codes/descriptions.
CCS,CAPSTONE1,CAPSTONE1,Capstone Project and Research 1 LEC,Capstone Project and Research 1 LEC,2,2nd Semester,AY 2025-2026,NONE,NONE,NONE_IDENTIFIED,NONE,NONE,UNASSIGNED,IT 301|IT 302|IT 303|IT 304|IT 305|IT 306|IT 307,No clear prerequisite identified from the uploaded schedules.
CCS,CAPSTONE1L,CAPSTONE1L,Capstone Project and Research 1 LAB,Capstone Project and Research 1 LAB,1,2nd Semester,AY 2025-2026,NONE,NONE,NONE_IDENTIFIED,NONE,NONE,MAUPAY|RODRIGO,IT 301|IT 302|IT 303|IT 304|IT 305|IT 306|IT 307,No clear prerequisite identified from the uploaded schedules.
CCS,CONWRLD,CONWRLD,The Contemporary World,The Contemporary World,3,2nd Semester,AY 2025-2026,NONE,NONE,NONE_IDENTIFIED,NONE,NONE,ALOC|DANUCO|DELA CRUZ|DELARMENTE|GALLEN,IT 101|IT 102|IT 103|IT 104|IT 105|IT 106|IT 107|IT 108,No clear prerequisite identified from the uploaded schedules.
CCS,CPROG2,CPROG2,Computer Programming 2 LEC,Computer Programming 2 LEC,2,1st Semester,AY 2026-2027,PROG1,ALL,INFERRED_SEQUENCE,NONE,NONE,TANAEL,IT 201|IT 202|IT 203|IT 204|IT 205|IT 206|IT 207,Clear course sequence inferred from subject codes/descriptions.
CCS,CPROG2L,CPROG2L,Computer Programming 2 LAB,Computer Programming 2 LAB,1,1st Semester,AY 2026-2027,PROG1L,ALL,INFERRED_SEQUENCE,NONE,NONE,TANAEL,IT 201|IT 202|IT 203|IT 204|IT 205|IT 206|IT 207,Clear course sequence inferred from subject codes/descriptions.
CCS,DBMSYS,DBMSYS,Database Management System LEC,Database Management System LEC,2,1st Semester,AY 2026-2027,NONE,NONE,NONE_IDENTIFIED,NONE,NONE,MACINAS|NARCISO,IT 201|IT 202|IT 203|IT 204|IT 205|IT 206|IT 207|IT 208,No clear prerequisite identified from the uploaded schedules.
CCS,DBMSYSL,DBMSYSL,Database Management System LAB,Database Management System LAB,1,1st Semester,AY 2026-2027,NONE,NONE,NONE_IDENTIFIED,NONE,NONE,MACINAS|NARCISO,IT 201|IT 202|IT 203|IT 204|IT 205|IT 206|IT 207|IT 208,No clear prerequisite identified from the uploaded schedules.
CCS,DMATH,DMATH,Discrete Mathematics,Discrete Mathematics,3,1st Semester,AY 2026-2027,NONE,NONE,NONE_IDENTIFIED,NONE,NONE,ASIA|SANTIAGO,IT 301|IT 302|IT 303|IT 304|IT 305|IT 306|IT 307,No clear prerequisite identified from the uploaded schedules.
CCS,DSTRUC,DSTRUC,Data Structures and Algorithms LEC,Data Structures and Algorithms LEC,2,1st Semester,AY 2026-2027,NONE,NONE,NONE_IDENTIFIED,PROG1,ALL,FLORES,IT 208,No clear prerequisite identified from the uploaded schedules. Possible review: Possible curriculum prerequisite; verify before enforcing.
CCS,DSTRUCL,DSTRUCL,Data Structures and Algorithms LAB,Data Structures and Algorithms LAB,1,1st Semester,AY 2026-2027,NONE,NONE,NONE_IDENTIFIED,PROG1L,ALL,FLORES,IT 208,No clear prerequisite identified from the uploaded schedules. Possible review: Possible curriculum prerequisite; verify before enforcing.
CCS,DSTRUCT,DSTRUCT,Data Structures and Algorithms LEC,Data Structures and Algorithms LEC,2,2nd Semester,AY 2025-2026,NONE,NONE,NONE_IDENTIFIED,CPROG2,ALL,UNASSIGNED,IT 201|IT 202|IT 203 - DISSOLVED|IT 204|IT 205|IT 206|IT 207|IT 208,No clear prerequisite identified from the uploaded schedules. Possible review: Possible curriculum prerequisite; verify before enforcing.
CCS,DSTRUCTL,DSTRUCTL,Data Structures and Algorithms LAB,Data Structures and Algorithms LAB,1,2nd Semester,AY 2025-2026,NONE,NONE,NONE_IDENTIFIED,CPROG2L,ALL,ANGAC|PUNZALAN,IT 201|IT 202|IT 203 - DISSOLVED|IT 204|IT 205|IT 206|IT 207|IT 208,No clear prerequisite identified from the uploaded schedules. Possible review: Possible curriculum prerequisite; verify before enforcing.
CCS,ENVISCI,ENVISCI,Environmental Science,Environmental Science,3,1st Semester,AY 2026-2027,NONE,NONE,NONE_IDENTIFIED,NONE,NONE,DE ASIS|SALAZAR,IT 201|IT 202|IT 203|IT 204|IT 205|IT 206|IT 207,No clear prerequisite identified from the uploaded schedules.
CCS,ETHICS,ETHICS,Ethics,Ethics,3,2nd Semester,AY 2025-2026,NONE,NONE,NONE_IDENTIFIED,NONE,NONE,ALARIAO|DELARMENTE|PABELARIO|SALAZAR,IT 101|IT 102|IT 103|IT 104|IT 105|IT 106|IT 107|IT 108,No clear prerequisite identified from the uploaded schedules.
CCS,HCI,HCI,Intro to Human Computer Interaction LEC,Intro to Human Computer Interaction LEC,1,2nd Semester,AY 2025-2026,NONE,NONE,NONE_IDENTIFIED,NONE,NONE,UNASSIGNED,IT 101|IT 102|IT 103|IT 104|IT 105|IT 106|IT 107|IT 108,No clear prerequisite identified from the uploaded schedules.
CCS,HCIL,HCIL,Intro to Human Computer Interaction LAB,Intro to Human Computer Interaction LAB,2,2nd Semester,AY 2025-2026,NONE,NONE,NONE_IDENTIFIED,NONE,NONE,ANGAC|MACINAS,IT 101|IT 102|IT 103|IT 104|IT 105|IT 106|IT 107|IT 108,No clear prerequisite identified from the uploaded schedules.
CCS,IAS2,IAS2,Information Assurance and Security 2 LEC,Information Assurance and Security 2 LEC,2,1st Semester,AY 2026-2027,INFOSEC1,ALL,INFERRED_SEQUENCE,NONE,NONE,BORJA|SANTOS,IT 401|IT 402|IT 403|IT 404|IT 405|IT 406|IT 407,Clear course sequence inferred from subject codes/descriptions.
CCS,IAS2L,IAS2L,Information Assurance and Security 2 LAB,Information Assurance and Security 2 LAB,1,1st Semester,AY 2026-2027,INFOSEC1L,ALL,INFERRED_SEQUENCE,NONE,NONE,BORJA|SANTOS,IT 401|IT 402|IT 403|IT 404|IT 405|IT 406|IT 407,Clear course sequence inferred from subject codes/descriptions.
CCS,INFOMGT,INFOMGT,Information Management LEC,Information Management LEC,2,2nd Semester,AY 2025-2026,NONE,NONE,NONE_IDENTIFIED,NONE,NONE,UNASSIGNED,IT 201|IT 202|IT 203 - DISSOLVED|IT 204|IT 205|IT 206|IT 207|IT 208,No clear prerequisite identified from the uploaded schedules.
CCS,INFOMGTL,INFOMGTL,Information Management LAB,Information Management LAB,1,2nd Semester,AY 2025-2026,NONE,NONE,NONE_IDENTIFIED,NONE,NONE,NARCISO|SANTOS,IT 201|IT 202|IT 203 - DISSOLVED|IT 204|IT 205|IT 206|IT 207|IT 208,No clear prerequisite identified from the uploaded schedules.
CCS,INFOSEC1,INFOSEC1,Information Assurance and Security 1 LEC,Information Assurance and Security 1 LEC,2,2nd Semester,AY 2025-2026,NONE,NONE,NONE_IDENTIFIED,NONE,NONE,UNASSIGNED,IT 301|IT 302|IT 303|IT 304|IT 305|IT 306|IT 307,No clear prerequisite identified from the uploaded schedules.
CCS,INFOSEC1L,INFOSEC1L,Information Assurance and Security 1 LAB,Information Assurance and Security 1 LAB,1,2nd Semester,AY 2025-2026,NONE,NONE,NONE_IDENTIFIED,NONE,NONE,BORJA|CACHO|VALENCIA,IT 301|IT 302|IT 303|IT 304|IT 305|IT 306|IT 307,No clear prerequisite identified from the uploaded schedules.
CCS,IPT1,IPT1,Integrative Programming Technologies 1 LEC,Integrative Programming Technologies 1 LEC,2,1st Semester,AY 2026-2027,NONE,NONE,NONE_IDENTIFIED,PROG1,ALL,SUNGA|UMALI,IT 201|IT 202|IT 203|IT 204|IT 205|IT 206|IT 207,No clear prerequisite identified from the uploaded schedules. Possible review: Possible curriculum prerequisite; verify before enforcing.
CCS,IPT1L,IPT1L,Integrative Programming Technologies 1 LAB,Integrative Programming Technologies 1 LAB,1,1st Semester,AY 2026-2027,NONE,NONE,NONE_IDENTIFIED,PROG1L,ALL,SUNGA|UMALI,IT 201|IT 202|IT 203|IT 204|IT 205|IT 206|IT 207,No clear prerequisite identified from the uploaded schedules. Possible review: Possible curriculum prerequisite; verify before enforcing.
CCS,ITC,ITC,Introduction to Computing LEC,Introduction to Computing LEC,2,1st Semester,AY 2026-2027,NONE,NONE,NONE_IDENTIFIED,NONE,NONE,MACINAS|SUNGA,IT 101|IT 102|IT 103|IT 104|IT 105|IT 106|IT 107|IT 108|IT 109,No clear prerequisite identified from the uploaded schedules.
CCS,ITCL,ITCL,Introduction to Computing LAB,Introduction to Computing LAB,1,1st Semester,AY 2026-2027,NONE,NONE,NONE_IDENTIFIED,NONE,NONE,MACINAS|SUNGA,IT 101|IT 102|IT 103|IT 104|IT 105|IT 106|IT 107|IT 108|IT 109,No clear prerequisite identified from the uploaded schedules.
CCS,ITP1,ITP1,Computer Hardware and Troubleshooting LEC,Computer Hardware and Troubleshooting LEC,2,1st Semester,AY 2026-2027,NONE,NONE,NONE_IDENTIFIED,NONE,NONE,LEI|MACINAS,IT 101|IT 102|IT 103|IT 104|IT 105|IT 106|IT 107|IT 108|IT 109,No clear prerequisite identified from the uploaded schedules.
CCS,ITP1L,ITP1L,Computer Hardware and Troubleshooting LAB,Computer Hardware and Troubleshooting LAB,1,1st Semester,AY 2026-2027,NONE,NONE,NONE_IDENTIFIED,NONE,NONE,LEI|MACINAS,IT 101|IT 102|IT 103|IT 104|IT 105|IT 106|IT 107|IT 108|IT 109,No clear prerequisite identified from the uploaded schedules.
CCS,ITP2,ITP2,Fundamentals of Programming LEC,Fundamentals of Programming LEC,2,1st Semester,AY 2026-2027,NONE,NONE,NONE_IDENTIFIED,NONE,NONE,PUNZALAN|TANAEL,IT 101|IT 102|IT 103|IT 104|IT 105|IT 106|IT 107|IT 108|IT 109,No clear prerequisite identified from the uploaded schedules.
CCS,ITP2L,ITP2L,Fundamentals of Programming LAB,Fundamentals of Programming LAB,1,1st Semester,AY 2026-2027,NONE,NONE,NONE_IDENTIFIED,NONE,NONE,PUNZALAN|TANAEL,IT 101|IT 102|IT 103|IT 104|IT 105|IT 106|IT 107|IT 108|IT 109,No clear prerequisite identified from the uploaded schedules.
CCS,ITPLUS3,ITPLUS3,Office Productivity Tools LAB,Office Productivity Tools LAB,3,2nd Semester,AY 2025-2026,NONE,NONE,NONE_IDENTIFIED,NONE,NONE,LEI,IT 101|IT 102|IT 103|IT 104|IT 105|IT 106|IT 107|IT 108,No clear prerequisite identified from the uploaded schedules.
CCS,ITPLUS4,ITPLUS4,Computer Graphics LAB,Computer Graphics LAB,3,2nd Semester,AY 2025-2026,NONE,NONE,NONE_IDENTIFIED,NONE,NONE,BAUTISTA|UMALI,IT 101|IT 102|IT 103|IT 104|IT 105|IT 106|IT 107|IT 108,No clear prerequisite identified from the uploaded schedules.
CCS,KOMFIL,KOMFIL,Kontekstwalisadong Komunikasyon sa Filipino,Kontekstwalisadong Komunikasyon sa Filipino,3,1st Semester,AY 2026-2027,NONE,NONE,NONE_IDENTIFIED,NONE,NONE,DANUCO|FERNANDEZ,IT 101|IT 102|IT 103|IT 104|IT 105|IT 106|IT 107|IT 108|IT 109,No clear prerequisite identified from the uploaded schedules.
CCS,LEAD 1,LEAD1,Leadership 1,Leadership 1,1.5,1st Semester,AY 2026-2027,NONE,NONE,NONE_IDENTIFIED,NONE,NONE,LORETO|PRADO|SALONGA,IT 101|IT 102|IT 103|IT 104|IT 105|IT 106|IT 107|IT 108|IT 109,No clear prerequisite identified from the uploaded schedules.
CCS,LEAD2,LEAD2,Personal Development,Personal Development,1.5,2nd Semester,AY 2025-2026,LEAD1,ALL,INFERRED_SEQUENCE,NONE,NONE,JUVELYN|LORETO|MARIEL|SALONGA,IT 101|IT 102|IT 103|IT 104|IT 105|IT 106|IT 107|IT 108,Clear course sequence inferred from subject codes/descriptions.
CCS,LEAD 3,LEAD3,Leadership 3,Leadership 3,1.5,1st Semester,AY 2026-2027,LEAD2,ALL,INFERRED_SEQUENCE,NONE,NONE,PRADO|SALONGA|TICAG,IT 201|IT 202|IT 203|IT 204|IT 205|IT 206|IT 207,Clear course sequence inferred from subject codes/descriptions.
CCS,LEAD4,LEAD4,The Hands of a Leader,Leadership 4 | The Hands of a Leader,1.5,1st Semester|2nd Semester,AY 2025-2026|AY 2026-2027,LEAD3,ALL,INFERRED_SEQUENCE,NONE,NONE,LORETO|MARIEL|PRADO|SALONGA,IT 201|IT 202|IT 203 - DISSOLVED|IT 204|IT 205|IT 206|IT 207|IT 208,Clear course sequence inferred from subject codes/descriptions.
CCS,LEAD 5,LEAD5,Leadership 5,Leadership 5,1.5,1st Semester,AY 2026-2027,LEAD4,ALL,INFERRED_SEQUENCE,NONE,NONE,LORETO|PRADO|SALONGA|TICAG,IT 301|IT 302|IT 303|IT 304|IT 305|IT 306|IT 307,Clear course sequence inferred from subject codes/descriptions.
CCS,LEAD6,LEAD6,Values Formation 6,Values Formation 6,1.5,2nd Semester,AY 2025-2026,LEAD5,ALL,INFERRED_SEQUENCE,NONE,NONE,JUVELYN|MARIEL|SALONGA,IT 301|IT 302|IT 303|IT 304|IT 305|IT 306|IT 307,Clear course sequence inferred from subject codes/descriptions.
CCS,LEAD 7,LEAD7,Leadership 7,Leadership 7,1.5,1st Semester,AY 2026-2027,LEAD6,ALL,INFERRED_SEQUENCE,NONE,NONE,LORETO|PRADO|SALONGA|TICAG,IT 401|IT 402|IT 403|IT 404|IT 405|IT 406|IT 407,Clear course sequence inferred from subject codes/descriptions.
CCS,LEAD8,LEAD8,Values Formation 8,Values Formation 8,1.5,2nd Semester,AY 2025-2026,LEAD7,ALL,INFERRED_SEQUENCE,NONE,NONE,JUVELYN,IT 401|IT 402|IT 403,Clear course sequence inferred from subject codes/descriptions.
CCS,MATHWRLD,MATHWRLD,Mathematics in the Modern World,Mathematics in the Modern World,3,1st Semester,AY 2026-2027,NONE,NONE,NONE_IDENTIFIED,NONE,NONE,MIRASOL|OLVIS|SANTIAGO,IT 101|IT 102|IT 103|IT 104|IT 105|IT 106|IT 107|IT 108|IT 109,No clear prerequisite identified from the uploaded schedules.
CCS,NET2,NET2,Networking 2 LEC,Networking 2 LEC,2,2nd Semester,AY 2025-2026,NW1,ALL,INFERRED_SEQUENCE,NONE,NONE,UNASSIGNED,IT 201|IT 202|IT 203 - DISSOLVED|IT 204|IT 205|IT 206|IT 207|IT 208,Clear course sequence inferred from subject codes/descriptions.
CCS,NET2L,NET2L,Networking 2 LAB,Networking 2 LAB,1,2nd Semester,AY 2025-2026,NW1L,ALL,INFERRED_SEQUENCE,NONE,NONE,BAUTISTA|FLORES|RODRIGO,IT 201|IT 202|IT 203 - DISSOLVED|IT 204|IT 205|IT 206|IT 207|IT 208,Clear course sequence inferred from subject codes/descriptions.
CCS,NSTP 1,NSTP1,National Service Training Program 1,National Service Training Program 1,3,1st Semester,AY 2026-2027,NONE,NONE,NONE_IDENTIFIED,NONE,NONE,CUBACUB|EVANGELISTA|SALAZAR|SILVERIO,IT 101|IT 102|IT 103|IT 104|IT 105|IT 106|IT 107|IT 108|IT 109,No clear prerequisite identified from the uploaded schedules.
CCS,NSTP2,NSTP2,National Service Training Program 2,National Service Training Program 2,3,2nd Semester,AY 2025-2026,NSTP1,ALL,INFERRED_SEQUENCE,NONE,NONE,CUBACUB|MARTER,IT 101|IT 102|IT 103|IT 104|IT 105|IT 106|IT 107|IT 108,Clear course sequence inferred from subject codes/descriptions.
CCS,NW1,NW1,Networking 1 LEC,Networking 1 LEC,2,1st Semester,AY 2026-2027,NONE,NONE,NONE_IDENTIFIED,NONE,NONE,BAUTISTA|FLORES|RODRIGO,IT 201|IT 202|IT 203|IT 204|IT 205|IT 206|IT 207,No clear prerequisite identified from the uploaded schedules.
CCS,NW1L,NW1L,Networking 1 LAB,Networking 1 LAB,1,1st Semester,AY 2026-2027,NONE,NONE,NONE_IDENTIFIED,NONE,NONE,BAUTISTA|FLORES|RODRIGO,IT 201|IT 202|IT 203|IT 204|IT 205|IT 206|IT 207,No clear prerequisite identified from the uploaded schedules.
CCS,OJT,OJT,On the Job Training (600 hrs),On the Job Training (600 hrs),6,2nd Semester,AY 2025-2026,NONE,NONE,NONE_IDENTIFIED,NONE,NONE,VALENCIA,IT 401|IT 402|IT 403,No clear prerequisite identified from the uploaded schedules.
CCS,OOP,OOP,Object Oriented Programming LEC,Object Oriented Programming LEC,2,2nd Semester,AY 2025-2026,NONE,NONE,NONE_IDENTIFIED,CPROG2,ALL,UNASSIGNED,IT 201|IT 202|IT 203 - DISSOLVED|IT 204|IT 205|IT 206|IT 207|IT 208,No clear prerequisite identified from the uploaded schedules. Possible review: Possible curriculum prerequisite; verify before enforcing.
CCS,OOPL,OOPL,Object Oriented Programming LAB,Object Oriented Programming LAB,1,2nd Semester,AY 2025-2026,NONE,NONE,NONE_IDENTIFIED,CPROG2L,ALL,RODRIGO|VALENCIA,IT 201|IT 202|IT 203 - DISSOLVED|IT 204|IT 205|IT 206|IT 207|IT 208,No clear prerequisite identified from the uploaded schedules. Possible review: Possible curriculum prerequisite; verify before enforcing.
CCS,OOPR,OOPR,Object Oriented Programming LEC,Object Oriented Programming LEC,2,1st Semester,AY 2026-2027,NONE,NONE,NONE_IDENTIFIED,PROG1,ALL,GABRIEL,IT 208,No clear prerequisite identified from the uploaded schedules. Possible review: Possible curriculum prerequisite; verify before enforcing.
CCS,OOPRL,OOPRL,Object Oriented Programming LAB,Object Oriented Programming LAB,1,1st Semester,AY 2026-2027,NONE,NONE,NONE_IDENTIFIED,PROG1L,ALL,GABRIEL,IT 208,No clear prerequisite identified from the uploaded schedules. Possible review: Possible curriculum prerequisite; verify before enforcing.
CCS,PATHFIT1,PATHFIT1,Physical Activity Towards Health and Fitness,Physical Activity Towards Health and Fitness,2,1st Semester,AY 2026-2027,NONE,NONE,NONE_IDENTIFIED,NONE,NONE,SALAZAR,IT 101|IT 102|IT 103|IT 104|IT 105|IT 106|IT 107|IT 108|IT 109,No clear prerequisite identified from the uploaded schedules.
CCS,PATHFIT2,PATHFIT2,Exercised-Based Course,Exercised-Based Course,2,2nd Semester,AY 2025-2026,PATHFIT1,ALL,INFERRED_SEQUENCE,NONE,NONE,LORETO|SALAZAR,IT 101|IT 102|IT 103|IT 104|IT 105|IT 106|IT 107|IT 108,Clear course sequence inferred from subject codes/descriptions.
CCS,PATHFIT3,PATHFIT3,Dance and Fitness Wellness,Dance and Fitness Wellness,2,1st Semester,AY 2026-2027,PATHFIT2,ALL,INFERRED_SEQUENCE,NONE,NONE,SALAZAR,IT 201|IT 202|IT 203|IT 204|IT 205|IT 206|IT 207,Clear course sequence inferred from subject codes/descriptions.
CCS,PATHFIT4,PATHFIT4,Sports,Sports,2,2nd Semester,AY 2025-2026,PATHFIT3,ALL,INFERRED_SEQUENCE,NONE,NONE,SALAZAR,IT 201|IT 202|IT 203 - DISSOLVED|IT 204|IT 205|IT 206|IT 207|IT 208,Clear course sequence inferred from subject codes/descriptions.
CCS,PE 4,PE4,Team Sports,Team Sports,2,1st Semester,AY 2026-2027,PATHFIT3,ALL,INFERRED_SEQUENCE,NONE,NONE,SALAZAR,IT 208,PE 4 appears as the fourth PE/PATHFIT subject after PATHFIT 3.
CCS,PHILHIST,PHILHIST,Readings in Philippine History,Readings in Philippine History,3,1st Semester,AY 2026-2027,NONE,NONE,NONE_IDENTIFIED,NONE,NONE,ALONZO|LEI|PABELARIO|SALAZAR,IT 101|IT 102|IT 103|IT 104|IT 105|IT 106|IT 107|IT 108|IT 109,No clear prerequisite identified from the uploaded schedules.
CCS,PRELEC2,PRELEC2,Professional Elective 2 LEC,Professional Elective 2 LEC,2,1st Semester,AY 2026-2027,PROFELEC1,ALL,INFERRED_SEQUENCE,NONE,NONE,CACHO,IT 301|IT 302|IT 303|IT 304|IT 305|IT 306|IT 307,Clear course sequence inferred from subject codes/descriptions.
CCS,PRELEC2L,PRELEC2L,Professional Elective 2 LAB,Professional Elective 2 LAB,1,1st Semester,AY 2026-2027,PROFELEC1L,ALL,INFERRED_SEQUENCE,NONE,NONE,CACHO,IT 301|IT 302|IT 303|IT 304|IT 305|IT 306|IT 307,Clear course sequence inferred from subject codes/descriptions.
CCS,PROFELEC1,PROFELEC1,Professional Elective 1 LEC,Professional Elective 1 LEC,2,2nd Semester,AY 2025-2026,NONE,NONE,NONE_IDENTIFIED,NONE,NONE,UNASSIGNED,IT 201|IT 202|IT 203 - DISSOLVED|IT 204|IT 205|IT 206|IT 207|IT 208,No clear prerequisite identified from the uploaded schedules.
CCS,PROFELEC1L,PROFELEC1L,Professional Elective 1 LAB,Professional Elective 1 LAB,1,2nd Semester,AY 2025-2026,NONE,NONE,NONE_IDENTIFIED,NONE,NONE,DE GUZMAN,IT 201|IT 202|IT 203 - DISSOLVED|IT 204|IT 205|IT 206|IT 207|IT 208,No clear prerequisite identified from the uploaded schedules.
CCS,PROG1,PROG1,Computer Programming 1 LEC,Computer Programming 1 LEC,1,2nd Semester,AY 2025-2026,NONE,NONE,NONE_IDENTIFIED,ITP2,ALL,UNASSIGNED,IT 101|IT 102|IT 103|IT 104|IT 105|IT 106|IT 107|IT 108,No clear prerequisite identified from the uploaded schedules. Possible review: Possible curriculum prerequisite; verify before enforcing.
CCS,PROG1L,PROG1L,Computer Programming 1 LAB,Computer Programming 1 LAB,2,2nd Semester,AY 2025-2026,NONE,NONE,NONE_IDENTIFIED,ITP2L,ALL,TANAEL,IT 101|IT 102|IT 103|IT 104|IT 105|IT 106|IT 107|IT 108,No clear prerequisite identified from the uploaded schedules. Possible review: Possible curriculum prerequisite; verify before enforcing.
CCS,PSPEAK,PSPEAK,Public Speaking,Public Speaking,3,2nd Semester,AY 2025-2026,NONE,NONE,NONE_IDENTIFIED,NONE,NONE,ALOC|ALONZO|GALLEN|PAYUSAN,IT 101|IT 102|IT 103|IT 104|IT 105|IT 106|IT 107|IT 108,No clear prerequisite identified from the uploaded schedules.
CCS,PT,PT,Platform Technologies LEC,Platform Technologies LEC,2,1st Semester,AY 2026-2027,NONE,NONE,NONE_IDENTIFIED,NONE,NONE,BAUTISTA|RODRIGO,IT 301|IT 302|IT 303|IT 304|IT 305|IT 306|IT 307,No clear prerequisite identified from the uploaded schedules.
CCS,PTL,PTL,Platform Technologies LAB,Platform Technologies LAB,1,1st Semester,AY 2026-2027,NONE,NONE,NONE_IDENTIFIED,NONE,NONE,BAUTISTA|RODRIGO,IT 301|IT 302|IT 303|IT 304|IT 305|IT 306|IT 307,No clear prerequisite identified from the uploaded schedules.
CCS,PURPCOMM,PURPCOMM,Purposive Communication,Purposive Communication,3,1st Semester,AY 2026-2027,NONE,NONE,NONE_IDENTIFIED,NONE,NONE,ALOC|GALLEN|PAYUSAN,IT 101|IT 102|IT 103|IT 104|IT 105|IT 106|IT 107|IT 108|IT 109,No clear prerequisite identified from the uploaded schedules.
CCS,QMTHODS,QMTHODS,Quantitative Methods,Quantitative Methods,3,2nd Semester,AY 2025-2026,NONE,NONE,NONE_IDENTIFIED,NONE,NONE,MAUPAY,IT 301|IT 302|IT 303|IT 304|IT 305|IT 306|IT 307,No clear prerequisite identified from the uploaded schedules.
CCS,RIZAL,RIZAL,Rizal's Life and Works,Rizal's Life and Works,3,2nd Semester,AY 2025-2026,NONE,NONE,NONE_IDENTIFIED,NONE,NONE,DELA CRUZ|FERNANDEZ|OLVIS,IT 301|IT 302|IT 303|IT 304|IT 305|IT 306|IT 307,No clear prerequisite identified from the uploaded schedules.
CCS,SCITECH,SCITECH,"Science, Technology, and Society","Science, Technology, and Society",3,2nd Semester,AY 2025-2026,NONE,NONE,NONE_IDENTIFIED,NONE,NONE,DE ASIS|DELA CRUZ,IT 101|IT 102|IT 103|IT 104|IT 105|IT 106|IT 107|IT 108,No clear prerequisite identified from the uploaded schedules.
CCS,SIA2,SIA2,System Integration and Architecture 2 LEC,System Integration and Architecture 2 LEC,2,1st Semester,AY 2026-2027,SYSARC1|SYSARCH1,ANY,INFERRED_SEQUENCE,NONE,NONE,GARCIA|QUINTO,IT 301|IT 302|IT 303|IT 304|IT 305|IT 306|IT 307,SIA 2 follows System Integration and Architecture 1; the source uses two code variants.
CCS,SIA2L,SIA2L,System Integration and Architecture 2 LAB,System Integration and Architecture 2 LAB,1,1st Semester,AY 2026-2027,SYSARC1L|SYSARCH1L,ANY,INFERRED_SEQUENCE,NONE,NONE,GARCIA|QUINTO,IT 301|IT 302|IT 303|IT 304|IT 305|IT 306|IT 307,SIA 2 Laboratory follows the SIA 1 laboratory; the source uses two code variants.
CCS,SOSLIT,SOSLIT,Sosyedad at Literatura/Panitikang Pilipino,Sosyedad at Literatura | Sosyedad at Literatura/Panitikang Pilipino,3,1st Semester|2nd Semester,AY 2025-2026|AY 2026-2027,NONE,NONE,NONE_IDENTIFIED,NONE,NONE,DELA CRUZ|DELARMENTE|DELGADO|FERNANDEZ|OLVIS|PABELARIO,IT 201|IT 202|IT 203 - DISSOLVED|IT 204|IT 205|IT 206|IT 207|IT 208,No clear prerequisite identified from the uploaded schedules.
CCS,SPI,SPI,Social and Professional Issues,Social and Professional Issues,3,1st Semester,AY 2026-2027,NONE,NONE,NONE_IDENTIFIED,NONE,NONE,DADOR|TARRAYA|VALENCIA,IT 401|IT 402|IT 403|IT 404|IT 405|IT 406|IT 407,No clear prerequisite identified from the uploaded schedules.
CCS,SYSARC1,SYSARC1,System Integration and Architecture 1 LEC,System Integration and Architecture 1 LEC,2,1st Semester,AY 2026-2027,NONE,NONE,NONE_IDENTIFIED,NONE,NONE,GARCIA,IT 208,No clear prerequisite identified from the uploaded schedules.
CCS,SYSARC1L,SYSARC1L,System Integration and Architecture 1 LAB,System Integration and Architecture 1 LAB,1,1st Semester,AY 2026-2027,NONE,NONE,NONE_IDENTIFIED,NONE,NONE,GARCIA,IT 208,No clear prerequisite identified from the uploaded schedules.
CCS,SYSARCH1,SYSARCH1,System Integration and Architecture 1 LEC,System Integration and Architecture 1 LEC,2,2nd Semester,AY 2025-2026,NONE,NONE,NONE_IDENTIFIED,NONE,NONE,UNASSIGNED,IT 201|IT 202|IT 203 - DISSOLVED|IT 204|IT 205|IT 206|IT 207|IT 208,No clear prerequisite identified from the uploaded schedules.
CCS,SYSARCH1L,SYSARCH1L,System Integration and Architecture 1 LAB,System Integration and Architecture 1 LAB,1,2nd Semester,AY 2025-2026,NONE,NONE,NONE_IDENTIFIED,NONE,NONE,GARCIA|QUINTO,IT 201|IT 202|IT 203 - DISSOLVED|IT 204|IT 205|IT 206|IT 207|IT 208,No clear prerequisite identified from the uploaded schedules.
CCS,SYSMAIN,SYSMAIN,System Admin and Maintenance LEC,System Admin and Maintenance LEC,2,2nd Semester,AY 2025-2026,NONE,NONE,NONE_IDENTIFIED,NW1,ALL,UNASSIGNED,IT 401|IT 402|IT 403,No clear prerequisite identified from the uploaded schedules. Possible review: Possible curriculum prerequisite; verify before enforcing.
CCS,SYSMAINL,SYSMAINL,System Admin and Maintenance LAB,System Admin and Maintenance LAB,1,2nd Semester,AY 2025-2026,NONE,NONE,NONE_IDENTIFIED,NW1L,ALL,DE GUZMAN|QUINTO|SANTOS,IT 401|IT 402|IT 403,No clear prerequisite identified from the uploaded schedules. Possible review: Possible curriculum prerequisite; verify before enforcing.
CCS,UNDSELF,UNDSELF,Understanding the Self/Pagunawa sa Sarili,Understanding the Self/Pagunawa sa Sarili,3,1st Semester,AY 2026-2027,NONE,NONE,NONE_IDENTIFIED,NONE,NONE,ALARIAO|DELARMENTE,IT 101|IT 102|IT 103|IT 104|IT 105|IT 106|IT 107|IT 108|IT 109,No clear prerequisite identified from the uploaded schedules.
CCS,WEBSYS,WEBSYS,Web System and Technologies LEC,Web System and Technologies LEC,2,2nd Semester,AY 2025-2026,NONE,NONE,NONE_IDENTIFIED,PROG1,ALL,UNASSIGNED,IT 301|IT 302|IT 303|IT 304|IT 305|IT 306|IT 307,No clear prerequisite identified from the uploaded schedules. Possible review: Possible curriculum prerequisite; verify before enforcing.
CCS,WEBSYSL,WEBSYSL,Web System and Technologies LAB,Web System and Technologies LAB,1,2nd Semester,AY 2025-2026,NONE,NONE,NONE_IDENTIFIED,PROG1L,ALL,GABRIEL|MACINAS,IT 301|IT 302|IT 303|IT 304|IT 305|IT 306|IT 307,No clear prerequisite identified from the uploaded schedules. Possible review: Possible curriculum prerequisite; verify before enforcing.
CCS,WST,WST,Web System and Technologies LEC,Web System and Technologies LEC,2,1st Semester,AY 2026-2027,NONE,NONE,NONE_IDENTIFIED,PROG1,ALL,DE GUZMAN|DELA CRUZ,IT 201|IT 202|IT 203|IT 204|IT 205|IT 206|IT 207,No clear prerequisite identified from the uploaded schedules. Possible review: Possible curriculum prerequisite; verify before enforcing.
CCS,WSTL,WSTL,Web System and Technologies LAB,Web System and Technologies LAB,1,1st Semester,AY 2026-2027,NONE,NONE,NONE_IDENTIFIED,PROG1L,ALL,DE GUZMAN|DELA CRUZ,IT 201|IT 202|IT 203|IT 204|IT 205|IT 206|IT 207,No clear prerequisite identified from the uploaded schedules. Possible review: Possible curriculum prerequisite; verify before enforcing.
COE,AFROLIT,AFROLIT,Survey of Afro-Asian Literature,Survey of Afro-Asian Literature,3,2nd Semester,AY 2025-2026,NONE,NONE,NONE_IDENTIFIED,NONE,NONE,MERCADER,ENG 301|ENG 302,No clear prerequisite identified from the uploaded schedules.
COE,APPSOC,APPSOC,Teaching Approaches in Secondary Social Studies,Teaching Approaches in Secondary Social Studies,3,1st Semester,AY 2026-2027,NONE,NONE,NONE_IDENTIFIED,NONE,NONE,VARCA,SOC 301,No clear prerequisite identified from the uploaded schedules.
COE,APPVAL,APPVAL,Teaching Approaches and Strategies in Values Education,Teaching Approaches and Strategies in Values Education,3,1st Semester,AY 2026-2027,NONE,NONE,NONE_IDENTIFIED,NONE,NONE,MAESTRO,VAL 301,No clear prerequisite identified from the uploaded schedules.
COE,ARTAPP,ARTAPP,Art Appreciation,Art Appreciation,3,1st Semester,AY 2026-2027,NONE,NONE,NONE_IDENTIFIED,NONE,NONE,ARRABIS|MERCADER,EDUC 101|EDUC 102|EDUC 103|EDUC 104|EDUC 105|EDUC 106|EDUC 107,No clear prerequisite identified from the uploaded schedules.
COE,ASIA 1,ASIA1,Asian Studies - Ancient Asia,Asian Studies - Ancient Asia,3,2nd Semester,AY 2025-2026,NONE,NONE,NONE_IDENTIFIED,NONE,NONE,BARAQUIEL,SOC 201,No clear prerequisite identified from the uploaded schedules.
COE,ASIA 2,ASIA2,Asian Studies 2 - Contemporary Asia,Asian Studies 2 - Contemporary Asia,3,1st Semester,AY 2026-2027,ASIA1,ALL,INFERRED_SEQUENCE,NONE,NONE,VARCA,SOC 301,Clear course sequence inferred from subject codes/descriptions.
COE,ASSMNT 1,ASSMNT1,Assessment in Learning 1,Assessment in Learning 1,3,1st Semester,AY 2026-2027,NONE,NONE,NONE_IDENTIFIED,NONE,NONE,SORIANO,ELEM 301|ELEM 302|ENG 301|FIL 301|FIL 302|SOC 301|VAL 301,No clear prerequisite identified from the uploaded schedules.
COE,ASSMNT 2,ASSMNT2,Assessment in Learning 2,Assessment in Learning 2,3,2nd Semester,AY 2025-2026,ASSMNT1,ALL,INFERRED_SEQUENCE,NONE,NONE,AMPARADO|SORIANO,ELEM 301|ELEM 302|ELEM 303|ELEM 304|ENG 301|ENG 302,Clear course sequence inferred from subject codes/descriptions.
COE,BARWIKA,BARWIKA,Barayti at Baryasyon ng Wika,Barayti at Baryasyon ng Wika,3,1st Semester,AY 2026-2027,NONE,NONE,NONE_IDENTIFIED,NONE,NONE,PABELARIO,FIL 301|FIL 302,No clear prerequisite identified from the uploaded schedules.
COE,BASMA,BASMA,Basics of School Management and Administration,Basics of School Management and Administration,3,2nd Semester,AY 2025-2026,NONE,NONE,NONE_IDENTIFIED,NONE,NONE,MAESTRO,SOC 201,No clear prerequisite identified from the uploaded schedules.
COE,BENLAC,BENLAC,Building ang Enhancing New Literacies Across the Curriculum,Building and Enhancing New Literacies Across the Curriculum | Building ang Enhancing New Literacies Across the Curriculum,3,1st Semester|2nd Semester,AY 2025-2026|AY 2026-2027,NONE,NONE,NONE_IDENTIFIED,NONE,NONE,FRONDA-TAN|VARCA,ELEM 201|ELEM 202|ENG 201|ENG 202|FIL 201|SOCSCI 201|VAL 201,No clear prerequisite identified from the uploaded schedules.
COE,CALLP,CALLP,The Child and Adolescent Learner and Learning Principles,The Child and Adolescent Learner and Learning Principles,3,2nd Semester,AY 2025-2026,NONE,NONE,NONE_IDENTIFIED,NONE,NONE,BARAQUIEL|BELISARIO|MANALO|TAN|TULOD,ELEM101|ELEM102|ELEM103|ELEM104|ENG 101|FIL 101|SOCSCI 101|VAL 101,No clear prerequisite identified from the uploaded schedules.
COE,CAMJOURN,CAMJOURN,Campus Journalism,Campus Journalism,2,1st Semester,AY 2026-2027,NONE,NONE,NONE_IDENTIFIED,NONE,NONE,UNASSIGNED,ENG 301,No clear prerequisite identified from the uploaded schedules.
COE,CARDEV,CARDEV,Career Development and Work Values,Career Development and Work Values,3,1st Semester,AY 2026-2027,NONE,NONE,NONE_IDENTIFIED,NONE,NONE,JUMADIAO,VAL 301,No clear prerequisite identified from the uploaded schedules.
COE,CHILDLIT,CHILDLIT,Children and Adolescent Literature,Children and Adolescent Literature,3,1st Semester,AY 2026-2027,NONE,NONE,NONE_IDENTIFIED,NONE,NONE,MERCADER,ENG 301,No clear prerequisite identified from the uploaded schedules.
COE,CONPED,CONPED,Content and Pedagogy for the Mother Tongue,Content and Pedagogy for the Mother Tongue,3,2nd Semester,AY 2025-2026,NONE,NONE,NONE_IDENTIFIED,NONE,NONE,MARQUEZ,ELEM 201|ELEM 202,No clear prerequisite identified from the uploaded schedules.
COE,CONTFALI,CONTFALI,Contemporary Family Life,Contemporary Family Life,3,1st Semester,AY 2026-2027,NONE,NONE,NONE_IDENTIFIED,NONE,NONE,MAESTRO,VAL 301,No clear prerequisite identified from the uploaded schedules.
COE,CONTPHIL,CONTPHIL,Contemporary Philippine Problems and Issues,Contemporary Philippine Problems and Issues,3,1st Semester,AY 2026-2027,NONE,NONE,NONE_IDENTIFIED,NONE,NONE,UNASSIGNED,SOC 301,No clear prerequisite identified from the uploaded schedules.
COE,CONWRLD,CONWRLD,The Contemporary World,The Contemporary World,3,2nd Semester,AY 2025-2026,NONE,NONE,NONE_IDENTIFIED,NONE,NONE,ALOC|CORRALES|CUISON|JUMADIAO|LEI|MAESTRO,ELEM101|ELEM102|ELEM103|ELEM104|ENG 101|FIL 101|SOCSCI 101|VAL 101,No clear prerequisite identified from the uploaded schedules.
COE,CREWRIT,CREWRIT,Creative Writing,Creative Writing,3,1st Semester,AY 2026-2027,NONE,NONE,NONE_IDENTIFIED,NONE,NONE,BADILLA,ENG 301,No clear prerequisite identified from the uploaded schedules.
COE,DEVMAT,DEVMAT,Development of Values Education Instructional Materials and Assessment Tools,Development of Values Education Instructional Materials and Assessment Tools,3,1st Semester,AY 2026-2027,NONE,NONE,NONE_IDENTIFIED,NONE,NONE,MAESTRO,VAL 301,No clear prerequisite identified from the uploaded schedules.
COE,DULA,DULA,Dulaang Filipino,Dulaang Filipino,3,1st Semester,AY 2026-2027,NONE,NONE,NONE_IDENTIFIED,NONE,NONE,CUISON,FIL 301|FIL 302,No clear prerequisite identified from the uploaded schedules.
COE,DYNREL,DYNREL,Dynamics of Intra and Interperonal Relations,Dynamics of Intra and Interperonal Relations,3,2nd Semester,AY 2025-2026,NONE,NONE,NONE_IDENTIFIED,NONE,NONE,MAESTRO,VAL 201,No clear prerequisite identified from the uploaded schedules.
COE,EDSTAT,EDSTAT,Educational Statistics,Educational Statistics,3,2nd Semester,AY 2025-2026,NONE,NONE,NONE_IDENTIFIED,NONE,NONE,AMPARADO|ASIA|SORIANO,ELEM 201|ELEM 202|ENG 201|FIL 201|FIL 202|SOC 201|VAL 201,No clear prerequisite identified from the uploaded schedules.
COE,EDTECH 1,EDTECH1,Technology for Teaching and Learning 1,Technology for Teaching and Learning 1,3,1st Semester,AY 2026-2027,NONE,NONE,NONE_IDENTIFIED,NONE,NONE,ARRABIS,ELEM 201|ELEM 202|ELEM 203|ENG 201|FIL 201|SOCSCI 201|VAL 201,No clear prerequisite identified from the uploaded schedules.
COE,EDTECH 2,EDTECH2,Technology for Teaching and Learning 2,Technology for Teaching and Learning 2,3,1st Semester|2nd Semester,AY 2025-2026|AY 2026-2027,EDTECH1,ALL,INFERRED_SEQUENCE,NONE,NONE,ALOC|SORIANO,ELEM 201|ELEM 202|ENG 201|ENG 202|FIL 201|FIL 202|SOC 201|VAL 201,Clear course sequence inferred from subject codes/descriptions.
COE,ELEKTIB 1,ELEKTIB1,Malikhaing Pagsulat,Malikhaing Pagsulat,3,2nd Semester,AY 2025-2026,NONE,NONE,NONE_IDENTIFIED,NONE,NONE,DELA PENA|MARQUEZ,FIL 201|FIL 202,No clear prerequisite identified from the uploaded schedules.
COE,ENAMLIT,ENAMLIT,Survey of English ang American Literature,Survey of English ang American Literature,3,2nd Semester,AY 2025-2026,NONE,NONE,NONE_IDENTIFIED,NONE,NONE,MERCADER,ENG 301|ENG 302,No clear prerequisite identified from the uploaded schedules.
COE,ENVISCI,ENVISCI,Environmental Science,Environmental Science,3,1st Semester,AY 2026-2027,NONE,NONE,NONE_IDENTIFIED,NONE,NONE,ARRABIS|FRONDA-TAN|PARTO,EDUC 101|EDUC 102|EDUC 103|EDUC 104|EDUC 105|EDUC 106|EDUC 107,No clear prerequisite identified from the uploaded schedules.
COE,EPP,EPP,Edukasyong Pantahanan and Pangkabuhayan,Edukasyong Pantahanan and Pangkabuhayan,3,1st Semester,AY 2026-2027,NONE,NONE,NONE_IDENTIFIED,NONE,NONE,UNASSIGNED,ELEM 301|ELEM 302,No clear prerequisite identified from the uploaded schedules.
COE,EPPENT,EPPENT,Edukasyong Pantahanan at Pangkabuhayan with Entrep,Edukasyong Pantahanan at Pangkabuhayan with Entrep,3,2nd Semester,AY 2025-2026,NONE,NONE,NONE_IDENTIFIED,NONE,NONE,GLENDRO,ELEM 301|ELEM 302|ELEM 303|ELEM 304,No clear prerequisite identified from the uploaded schedules.
COE,ESTRUCT,ESTRUCT,Structure of English,Structure of English,3,1st Semester,AY 2026-2027,NONE,NONE,NONE_IDENTIFIED,NONE,NONE,MERCADER,ENG 201,No clear prerequisite identified from the uploaded schedules.
COE,ESWIKA,ESWIKA,Estruktura ng Wikang Filipino,Estruktura ng Wikang Filipino,3,2nd Semester,AY 2025-2026,NONE,NONE,NONE_IDENTIFIED,NONE,NONE,DELGADO|MARQUEZ,FIL 201|FIL 202,No clear prerequisite identified from the uploaded schedules.
COE,ETHICS,ETHICS,Ethics,Ethics,3,1st Semester,AY 2026-2027,NONE,NONE,NONE_IDENTIFIED,NONE,NONE,ARRABIS,EDUC 101|EDUC 102|EDUC 103|EDUC 104|EDUC 105|EDUC 106|EDUC 107,No clear prerequisite identified from the uploaded schedules.
COE,FALECT,FALECT,Facilitating Learner-Centered Teaching,Facilitating Learner-Centered Teaching,3,1st Semester,AY 2026-2027,NONE,NONE,NONE_IDENTIFIED,NONE,NONE,FRONDA-TAN|VARCA|VITALES,ELEM 201|ELEM 202|ELEM 203|ENG 201|FIL 201|SOCSCI 201|VAL 201,No clear prerequisite identified from the uploaded schedules.
COE,FATPRAC,FATPRAC,Facilitation: Theory and Practice,Facilitation: Theory and Practice,3,1st Semester,AY 2026-2027,NONE,NONE,NONE_IDENTIFIED,NONE,NONE,COMPETENTE,VAL 301,No clear prerequisite identified from the uploaded schedules.
COE,FERCE,FERCE,Foundation of Early Childhood Education,Foundation of Early Childhood Education,3,1st Semester,AY 2026-2027,NONE,NONE,NONE_IDENTIFIED,NONE,NONE,UNASSIGNED,ELEM 301|ELEM 302,No clear prerequisite identified from the uploaded schedules.
COE,FILDIS,FILDIS,Filipino sa Iba't-ibang Disiplina,Filipino sa Iba't-ibang Disiplina,3,2nd Semester,AY 2025-2026,NONE,NONE,NONE_IDENTIFIED,NONE,NONE,CALANGIAN|CUISON|DELA PENA|MARQUEZ,ELEM101|ELEM102|ELEM103|ELEM104|ENG 101|FIL 101|SOCSCI 101|VAL 101,No clear prerequisite identified from the uploaded schedules.
COE,FILKULIP,FILKULIP,"Ugnayan ng Wika, Kultura, at Lipunan","Ugnayan ng Wika, Kultura, at Lipunan",3,2nd Semester,AY 2025-2026,NONE,NONE,NONE_IDENTIFIED,NONE,NONE,CUISON,FIL 201|FIL 202,No clear prerequisite identified from the uploaded schedules.
COE,FILKURI,FILKURI,Ang Filipino sa Kurikulum ng Batayang Eduka,Ang Filipino sa Kurikulum ng Batayang Eduka,3,2nd Semester,AY 2025-2026,NONE,NONE,NONE_IDENTIFIED,NONE,NONE,DELA PENA,FIL 201|FIL 202,No clear prerequisite identified from the uploaded schedules.
COE,FILVAL,FILVAL,Filipino Values System,Filipino Values System,3,2nd Semester,AY 2025-2026,NONE,NONE,NONE_IDENTIFIED,NONE,NONE,MAESTRO,VAL 201,No clear prerequisite identified from the uploaded schedules.
COE,FILWIK,FILWIK,Introduksyon sa Pag-aaral ng Wika,Introduksyon sa Pag-aaral ng Wika,3,2nd Semester,AY 2025-2026,NONE,NONE,NONE_IDENTIFIED,NONE,NONE,DELGADO,FIL 101,No clear prerequisite identified from the uploaded schedules.
COE,FOSO,FOSO,Foundation of Social Studies,Foundation of Social Studies,3,2nd Semester,AY 2025-2026,NONE,NONE,NONE_IDENTIFIED,NONE,NONE,BARAQUIEL,SOCSCI 101,No clear prerequisite identified from the uploaded schedules.
COE,FOSPED,FOSPED,Foundation of Special and Inclusive Education,Foundation of Special and Inclusive Education,3,1st Semester,AY 2026-2027,NONE,NONE,NONE_IDENTIFIED,NONE,NONE,FRONDA-TAN|MERCADER|VITALES,ELEM 201|ELEM 202|ELEM 203|ENG 201|FIL 201|SOCSCI 201|VAL 201,No clear prerequisite identified from the uploaded schedules.
COE,FOVE,FOVE,Foundation of Values Education,Foundation of Values Education,3,2nd Semester,AY 2025-2026,NONE,NONE,NONE_IDENTIFIED,NONE,NONE,MAESTRO,VAL 101,No clear prerequisite identified from the uploaded schedules.
COE,FS 1,FS1,Field Study 1,Field Study 1,3,1st Semester,AY 2026-2027,NONE,NONE,NONE_IDENTIFIED,NONE,NONE,UNASSIGNED,ELEM 401|ELEM 402|ENG 401|ENG 402,No clear prerequisite identified from the uploaded schedules.
COE,FS 2,FS2,Field Study 1,Field Study 1 | Field Study 2,3,1st Semester,AY 2026-2027,FS1,ALL,INFERRED_SEQUENCE,NONE,NONE,UNASSIGNED,ELEM 401|ELEM 402|ENG 401|ENG 402,Clear course sequence inferred from subject codes/descriptions.
COE,GEO 1,GEO1,Geography 1 - Human Geography,Geography 1 - Human Geography,3,2nd Semester,AY 2025-2026,NONE,NONE,NONE_IDENTIFIED,NONE,NONE,TULOD,SOC 201,No clear prerequisite identified from the uploaded schedules.
COE,GEO 2,GEO2,Geography 2 - Physical Geography,Geography 2 - Physical Geography,3,1st Semester,AY 2026-2027,GEO1,ALL,INFERRED_SEQUENCE,NONE,NONE,PERALTA,SOC 301,Clear course sequence inferred from subject codes/descriptions.
COE,GMRC,GMRC,Good Manners and Right Conduct (Edukasyon sa Pagpapakatao),Good Manners and Right Conduct (Edukasyon sa Pagpapakatao),3,2nd Semester,AY 2025-2026,NONE,NONE,NONE_IDENTIFIED,NONE,NONE,BEJOSA|SANTOS,ELEM 301|ELEM 302|ELEM 303|ELEM 304,No clear prerequisite identified from the uploaded schedules.
COE,INSPED,INSPED,Introduction to Special Education,Introduction to Special Education,3,2nd Semester,AY 2025-2026,NONE,NONE,NONE_IDENTIFIED,NONE,NONE,RICO|VITALES,ELEM 301|ELEM 302|ELEM 303|ELEM 304,No clear prerequisite identified from the uploaded schedules.
COE,INTROGUIDE,INTROGUIDE,Introduction to Guidance and Counseling,Introduction to Guidance and Counseling,3,1st Semester,AY 2026-2027,NONE,NONE,NONE_IDENTIFIED,NONE,NONE,COMPETENTE,VAL 301,No clear prerequisite identified from the uploaded schedules.
COE,INTROMID,INTROMID,Introduksyon sa Pamamahayag,Introduksyon sa Pamamahayag,3,1st Semester,AY 2026-2027,NONE,NONE,NONE_IDENTIFIED,NONE,NONE,EVANGELISTA,FIL 301|FIL 302,No clear prerequisite identified from the uploaded schedules.
COE,KOMFIL,KOMFIL,Kontekstwalisadong Komunikasyon sa Filipino,Kontekstwalisadong Komunikasyon sa Filipino,3,1st Semester,AY 2026-2027,NONE,NONE,NONE_IDENTIFIED,NONE,NONE,GARCHITORENA,EDUC 101|EDUC 102|EDUC 103|EDUC 104|EDUC 105|EDUC 106|EDUC 107,No clear prerequisite identified from the uploaded schedules.
COE,KWENBEL,KWENBEL,Maikling Kwento at Nobelang Filipino,Maikling Kwento at Nobelang Filipino,3,1st Semester,AY 2026-2027,NONE,NONE,NONE_IDENTIFIED,NONE,NONE,UNASSIGNED,FIL 301|FIL 302,No clear prerequisite identified from the uploaded schedules.
COE,LAN ACQ,LANACQ,Principles and Theories of Language Acquisition and Learning,Principles and Theories of Language Acquisition and Learning,3,1st Semester|2nd Semester,AY 2025-2026|AY 2026-2027,NONE,NONE,NONE_IDENTIFIED,NONE,NONE,ALOC,ENG 201|ENG 202,No clear prerequisite identified from the uploaded schedules.
COE,LCS,LCS,"Language, Culture and Society","Language, Culture and Society",3,1st Semester,AY 2026-2027,NONE,NONE,NONE_IDENTIFIED,NONE,NONE,MERCADER,ENG 201,No clear prerequisite identified from the uploaded schedules.
COE,LEAD 1,LEAD1,Leadership 1-Vision and Mission,Leadership 1-Vision and Mission,1.5,1st Semester,AY 2026-2027,NONE,NONE,NONE_IDENTIFIED,NONE,NONE,UNASSIGNED,EDUC 101|EDUC 102|EDUC 103|EDUC 104|EDUC 105|EDUC 106|EDUC 107,No clear prerequisite identified from the uploaded schedules.
COE,LEAD 2,LEAD2,Leadership 2,Leadership 2 | Leadership 2-Personal Development,1.5,2nd Semester,AY 2025-2026,LEAD1,ALL,INFERRED_SEQUENCE,NONE,NONE,LORETO|MARIEL|SALONGA,ELEM101|ELEM102|ELEM103|ELEM104|ENG 101|FIL 101|SOCSCI 101|VAL 101,Clear course sequence inferred from subject codes/descriptions.
COE,LEAD 3,LEAD3,Leadership 3-The Heart of a Leader,Leadership 3 | Leadership 3-The Heart of a Leader,1.5,1st Semester,AY 2026-2027,LEAD2,ALL,INFERRED_SEQUENCE,NONE,NONE,UNASSIGNED,ELEM 201|ELEM 202|ELEM 203|ENG 201|FIL 201|SOCSCI 201|VAL 201,Clear course sequence inferred from subject codes/descriptions.
COE,LEAD 4,LEAD4,Leadership 4 - The Hands of a Leader,Leadership 4 | Leadership 4 - The Hands of a Leader,1.5,1st Semester|2nd Semester,AY 2025-2026|AY 2026-2027,LEAD3,ALL,INFERRED_SEQUENCE,NONE,NONE,JUVELYN|LORETO|MARIEL,ELEM 201|ELEM 202|ENG 201|ENG 202|FIL 201|FIL 202|SOC 201|VAL 201,Clear course sequence inferred from subject codes/descriptions.
COE,LEAD 5,LEAD5,Leadership 5,Leadership 5,1.5,1st Semester,AY 2026-2027,LEAD4,ALL,INFERRED_SEQUENCE,NONE,NONE,UNASSIGNED,ELEM 301|ELEM 302|ENG 301|FIL 301|FIL 302|SOC 301|VAL 301,Clear course sequence inferred from subject codes/descriptions.
COE,LEAD 6,LEAD6,Leadership 6,Leadership 6 | Leadership 6 - Mentoring Leadership,1.5,2nd Semester,AY 2025-2026,LEAD5,ALL,INFERRED_SEQUENCE,NONE,NONE,JUVELYN|LORETO|MARIEL,ELEM 301|ELEM 302|ELEM 303|ELEM 304|ENG 301|ENG 302,Clear course sequence inferred from subject codes/descriptions.
COE,LEAD 7,LEAD7,Leadership 7,Leadership 7 | Leadership 7-Small Group1,1.5,1st Semester,AY 2026-2027,LEAD6,ALL,INFERRED_SEQUENCE,NONE,NONE,UNASSIGNED,ELEM 401|ELEM 402|ENG 401|ENG 402,Clear course sequence inferred from subject codes/descriptions.
COE,LEAD8,LEAD8,Leadership 8,Leadership 8,1.5,2nd Semester,AY 2025-2026,LEAD7,ALL,INFERRED_SEQUENCE,NONE,NONE,JUVELYN|MARIEL,ELEM 401|ENG 401|FIL 401|SOC 401,Clear course sequence inferred from subject codes/descriptions.
COE,LINGGWIS,LINGGWIS,Panimulang Linggwistika,Panimulang Linggwistika,3,1st Semester,AY 2026-2027,NONE,NONE,NONE_IDENTIFIED,NONE,NONE,MARQUEZ,FIL 201,No clear prerequisite identified from the uploaded schedules.
COE,LINGUIST,LINGUIST,Introduction to Linguistics,Introduction to Linguistics,3,2nd Semester,AY 2025-2026,NONE,NONE,NONE_IDENTIFIED,NONE,NONE,BADILLA,ENG 101,No clear prerequisite identified from the uploaded schedules.
COE,LITCRIT,LITCRIT,Literary Criticism,Literary Criticism,3,2nd Semester,AY 2025-2026,NONE,NONE,NONE_IDENTIFIED,NONE,NONE,ALOC,ENG 301|ENG 302,No clear prerequisite identified from the uploaded schedules.
COE,MACROECO,MACROECO,Macro Economics,Macro Economics,3,1st Semester,AY 2026-2027,NONE,NONE,NONE_IDENTIFIED,NONE,NONE,VARCA,SOC 301,No clear prerequisite identified from the uploaded schedules.
COE,MATDEV,MATDEV,Preparation of Language Learning Materials,Preparation of Language Learning Materials,3,1st Semester,AY 2026-2027,NONE,NONE,NONE_IDENTIFIED,NONE,NONE,UNASSIGNED,ENG 301,No clear prerequisite identified from the uploaded schedules.
COE,MATHINV,MATHINV,Mathematics of Investment,Mathematics of Investment,3,1st Semester,AY 2026-2027,NONE,NONE,NONE_IDENTIFIED,NONE,NONE,SORIANO,EDUC 101|EDUC 102|EDUC 103|EDUC 104|EDUC 105|EDUC 106|EDUC 107,No clear prerequisite identified from the uploaded schedules.
COE,MATHWRLD,MATHWRLD,Mathematics in the Modern World,Mathematics in the Modern World,3,2nd Semester,AY 2025-2026,NONE,NONE,NONE_IDENTIFIED,NONE,NONE,AMPARAD|AMPARADO|SANGCO|SORIANO,ELEM101|ELEM102|ELEM103|ELEM104|ENG 101|FIL 101|SOCSCI 101|VAL 101,No clear prerequisite identified from the uploaded schedules.
COE,MICROECO,MICROECO,Micro Economics,Micro Economics,3,2nd Semester,AY 2025-2026,NONE,NONE,NONE_IDENTIFIED,NONE,NONE,VARCA,SOC 201,No clear prerequisite identified from the uploaded schedules.
COE,MYTH,MYTH,Mythology and Folklore,Mythology and Folklore,3,1st Semester|2nd Semester,AY 2025-2026|AY 2026-2027,NONE,NONE,NONE_IDENTIFIED,NONE,NONE,DELA PENA,ENG 201|ENG 202,No clear prerequisite identified from the uploaded schedules.
COE,NSTP 1,NSTP1,National Service Training Program 1,National Service Training Program 1,3,1st Semester,AY 2026-2027,NONE,NONE,NONE_IDENTIFIED,NONE,NONE,MARTER,EDUC 101|EDUC 102|EDUC 103|EDUC 104|EDUC 105|EDUC 106|EDUC 107,No clear prerequisite identified from the uploaded schedules.
COE,NSTP 2,NSTP2,National Service Training Program 2,National Service Training Program 2,3,2nd Semester,AY 2025-2026,NSTP1,ALL,INFERRED_SEQUENCE,NONE,NONE,CUBACUB|MARTER,ELEM101|ELEM102|ELEM103|ELEM104|ENG 101|FIL 101|SOCSCI 101|VAL 101,Clear course sequence inferred from subject codes/descriptions.
COE,OBRABASA,OBRABASA,Pagbasa ng mga Obra Maestrang Filipino,Pagbasa ng mga Obra Maestrang Filipino,3,1st Semester,AY 2026-2027,NONE,NONE,NONE_IDENTIFIED,NONE,NONE,CALANGIAN,FIL 301|FIL 302,No clear prerequisite identified from the uploaded schedules.
COE,PANBAN,PANBAN,Panitikan ng Umuunlad na Bansa,Panitikan ng Umuunlad na Bansa,2,2nd Semester,AY 2025-2026,NONE,NONE,NONE_IDENTIFIED,NONE,NONE,CALANGIAM|CALANGIAN,FIL 201|FIL 202,No clear prerequisite identified from the uploaded schedules.
COE,PANDAIGDIG,PANDAIGDIG,Panitikang Pandaigdig,Panitikang Pandaigdig,3,1st Semester,AY 2026-2027,NONE,NONE,NONE_IDENTIFIED,NONE,NONE,EVANGELISTA,FIL 301|FIL 302,No clear prerequisite identified from the uploaded schedules.
COE,PANPAM,PANPAM,Panunuring Pampanitikan,Panunuring Pampanitikan,3,1st Semester,AY 2026-2027,NONE,NONE,NONE_IDENTIFIED,NONE,NONE,PABELARIO,FIL 301|FIL 302,No clear prerequisite identified from the uploaded schedules.
COE,PANREH,PANREH,Panitikan ng Rehiyon,Panitikan ng Rehiyon,3,1st Semester,AY 2026-2027,NONE,NONE,NONE_IDENTIFIED,NONE,NONE,UNASSIGNED,FIL 201,No clear prerequisite identified from the uploaded schedules.
COE,PATHFIT1,PATHFIT1,Physical Activity Towards Health and Fitness,Physical Activity Towards Health and Fitness,2,1st Semester,AY 2026-2027,NONE,NONE,NONE_IDENTIFIED,NONE,NONE,MONTEBON|NABUAB,EDUC 101|EDUC 102|EDUC 103|EDUC 104|EDUC 105|EDUC 106|EDUC 107,No clear prerequisite identified from the uploaded schedules.
COE,PATHFIT2,PATHFIT2,Exercise-Based Course,Exercise-Based Course | Exercise-based Fitness Activities,2,2nd Semester,AY 2025-2026,PATHFIT1,ALL,INFERRED_SEQUENCE,NONE,NONE,LORETO|MONTEBON|OLET|PORTILES|SALAZAR,ELEM101|ELEM102|ELEM103|ELEM104|ENG 101|FIL 101|SOCSCI 101|VAL 101,Clear course sequence inferred from subject codes/descriptions.
COE,PATHFIT3,PATHFIT3,Dance and Fitness Wellness,Dance and Fitness Wellness,2,1st Semester,AY 2026-2027,PATHFIT2,ALL,INFERRED_SEQUENCE,NONE,NONE,MONTEBON|NABUAB,ELEM 201|ELEM 202|ELEM 203|ENG 201|FIL 201|SOCSCI 201|VAL 201,Clear course sequence inferred from subject codes/descriptions.
COE,PATHFIT 4,PATHFIT4,Sports,Sports,2,2nd Semester,AY 2025-2026,PATHFIT3,ALL,INFERRED_SEQUENCE,NONE,NONE,OLET|SALAZAR,ENG 201|FIL 201|FIL 202|SOC 201|VAL 201,Clear course sequence inferred from subject codes/descriptions.
COE,PE 4,PE4,Team Sports,Team Sports,2,1st Semester|2nd Semester,AY 2025-2026|AY 2026-2027,PATHFIT3,ALL,INFERRED_SEQUENCE,NONE,NONE,GABUYA|PALADA,ELEM 201|ELEM 202|ENG 202,PE 4 appears as the fourth PE/PATHFIT subject after PATHFIT 3.
COE,PHILHIS,PHILHIS,Readings in Philippine History,Readings in Philippine History,3,1st Semester,AY 2026-2027,NONE,NONE,NONE_IDENTIFIED,NONE,NONE,CORRALES|CUISON|PERALTA,EDUC 101|EDUC 102|EDUC 103|EDUC 104|EDUC 105|EDUC 106|EDUC 107,No clear prerequisite identified from the uploaded schedules.
COE,PHILIT,PHILIT,Survey of Philippine Literature in English,Survey of Philippine Literature in English,3,2nd Semester,AY 2025-2026,NONE,NONE,NONE_IDENTIFIED,NONE,NONE,ALOC,ENG 301|ENG 302,No clear prerequisite identified from the uploaded schedules.
COE,PHILLET,PHILLET,Philosophical and Ethical Foundations of Values Education,Philosophical and Ethical Foundations of Values Education,3,1st Semester,AY 2026-2027,NONE,NONE,NONE_IDENTIFIED,NONE,NONE,MAESTRO,VAL 201,No clear prerequisite identified from the uploaded schedules.
COE,PHILSOC,PHILSOC,Philippine Culture and Society,Philippine Culture and Society,3,1st Semester,AY 2026-2027,NONE,NONE,NONE_IDENTIFIED,NONE,NONE,COMPETENTE,VAL 201,No clear prerequisite identified from the uploaded schedules.
COE,PLANDWORLD,PLANDWORLD,Places and Landscape in a Changing World,Places and Landscape in a Changing World,3,1st Semester,AY 2026-2027,NONE,NONE,NONE_IDENTIFIED,NONE,NONE,TULOD,SOCSCI 201,No clear prerequisite identified from the uploaded schedules.
COE,POLGOV,POLGOV,Politics and Governance with Philippine Constitution,Politics and Governance with Philippine Constitution,3,1st Semester,AY 2026-2027,NONE,NONE,NONE_IDENTIFIED,NONE,NONE,CORRALES,SOCSCI 201,No clear prerequisite identified from the uploaded schedules.
COE,POPLIT,POPLIT,Contemporary and Popular Literature,Contemporary and Popular Literature,3,2nd Semester,AY 2025-2026,NONE,NONE,NONE_IDENTIFIED,NONE,NONE,DELA PENA,ENG 301|ENG 302,No clear prerequisite identified from the uploaded schedules.
COE,PRACTICU,PRACTICU,Teaching Internship,Teaching Internship,6,2nd Semester,AY 2025-2026,NONE,NONE,NONE_IDENTIFIED,FS2,ALL,DUYAN|VILLANUEVA,ELEM 401|ENG 401|FIL 401|SOC 401,No clear prerequisite identified from the uploaded schedules. Possible review: Teaching Internship commonly follows completion of Field Study 2.
COE,PRODMAT,PRODMAT,Production of Social Studies Instructional Materials,Production of Social Studies Instructional Materials,3,1st Semester,AY 2026-2027,NONE,NONE,NONE_IDENTIFIED,NONE,NONE,MAESTRO,SOC 301,No clear prerequisite identified from the uploaded schedules.
COE,PROGPOL,PROGPOL,Language Program and Policies in Multilingual Societies,Language Program and Policies in Multilingual Societies,3,1st Semester,AY 2026-2027,NONE,NONE,NONE_IDENTIFIED,NONE,NONE,SANCHEZ,ENG 301,No clear prerequisite identified from the uploaded schedules.
COE,PSPEAK,PSPEAK,Public Speaking,Public Speaking,3,2nd Semester,AY 2025-2026,NONE,NONE,NONE_IDENTIFIED,NONE,NONE,BADILLA|MERCADER,ELEM101|ELEM102|ELEM103|ELEM104|ENG 101|FIL 101|SOCSCI 101|VAL 101,No clear prerequisite identified from the uploaded schedules.
COE,PSYCHVAL,PSYCHVAL,Psychological Theories of Values Development,Psychological Theories of Values Development,3,2nd Semester,AY 2025-2026,NONE,NONE,NONE_IDENTIFIED,NONE,NONE,JUMADIAO,VAL 201,No clear prerequisite identified from the uploaded schedules.
COE,PSYSPRIT,PSYSPRIT,Psycho-Spiritual Developmwnt.,Psycho-Spiritual Developmwnt.,3,2nd Semester,AY 2025-2026,NONE,NONE,NONE_IDENTIFIED,NONE,NONE,JUMADIAO,VAL 201,No clear prerequisite identified from the uploaded schedules.
COE,PURPCOMM,PURPCOMM,Purposive Communication,Purposive Communication,3,1st Semester,AY 2026-2027,NONE,NONE,NONE_IDENTIFIED,NONE,NONE,BADILLA|CUADRA,EDUC 101|EDUC 102|EDUC 103|EDUC 104|EDUC 105|EDUC 106|EDUC 107,No clear prerequisite identified from the uploaded schedules.
COE,REMINST,REMINST,Remedial Instruction,Remedial Instruction,3,1st Semester,AY 2026-2027,NONE,NONE,NONE_IDENTIFIED,NONE,NONE,BADILLA,ENG 401|ENG 402,No clear prerequisite identified from the uploaded schedules.
COE,RES 2,RES2,Language Research 2,Language Research 2 | Research in Elementary Education 2,3,1st Semester,AY 2026-2027,RESELEM1|RESENG1,ANY,INFERRED_SEQUENCE,NONE,NONE,BRAVO,ELEM 401|ELEM 402|ENG 401|ENG 402,Research 2 follows the relevant Research 1 subject; the correct code depends on the education program.
COE,RESELEM1,RESELEM1,Research in Elementary Education 1,Research in Elementary Education 1,3,2nd Semester,AY 2025-2026,NONE,NONE,NONE_IDENTIFIED,NONE,NONE,ASIA|BRAVO,ELEM 301|ELEM 302|ELEM 303|ELEM 304,No clear prerequisite identified from the uploaded schedules.
COE,RESENG 1,RESENG1,Language Research 1,Language Research 1,2,2nd Semester,AY 2025-2026,NONE,NONE,NONE_IDENTIFIED,NONE,NONE,DELA PENA,ENG 301|ENG 302,No clear prerequisite identified from the uploaded schedules.
COE,RIZAL,RIZAL,Rizal's Life & Works,Life and Works of Dr. Jose Rizal | Rizal's Life & Works,3,1st Semester|2nd Semester,AY 2025-2026|AY 2026-2027,NONE,NONE,NONE_IDENTIFIED,NONE,NONE,ABUBO|CORRALES|LEI|MAESTRO|SANGCO|TULOD,ELEM101|ELEM102|ELEM103|ELEM104|ENG 301|ENG 302|FIL 201|SOCSCI 201,No clear prerequisite identified from the uploaded schedules.
COE,SALIN,SALIN,Introduksyon sa Pagsasalin,Introduksyon sa Pagsasalin,3,1st Semester,AY 2026-2027,NONE,NONE,NONE_IDENTIFIED,NONE,NONE,MARQUEZ,FIL 301|FIL 302,No clear prerequisite identified from the uploaded schedules.
COE,SCITECH,SCITECH,"Science, Technology, and Society","Science, Technology and Society | Science, Technology, and Society",3,2nd Semester,AY 2025-2026,NONE,NONE,NONE_IDENTIFIED,NONE,NONE,DELGADO|LEI|PARTO|TAN,ELEM101|ELEM102|ELEM103|ELEM104|ENG 101|FIL 101|SOCSCI 101|VAL 101,No clear prerequisite identified from the uploaded schedules.
COE,SOCIOCUL,SOCIOCUL,Socio-Cultural Anthropology,Socio-Cultural Anthropology,3,2nd Semester,AY 2025-2026,NONE,NONE,NONE_IDENTIFIED,NONE,NONE,PERALTA,SOC 201,No clear prerequisite identified from the uploaded schedules.
COE,SOSLIT,SOSLIT,Sosyedad at Literatura/Panitikang Panlipunan,Sosyedad at Literatura | Sosyedad at Literatura/Panitikang Panlipunan,3,1st Semester,AY 2026-2027,NONE,NONE,NONE_IDENTIFIED,NONE,NONE,CUISON|DE ASIS|EVANGELISTA,ELEM 201|ELEM 202|ELEM 203|ENG 201|FIL 201|SOCSCI 201|VAL 201,No clear prerequisite identified from the uploaded schedules.
COE,STARTS,STARTS,Speech and Theater Arts,Speech and Theater Arts,3,1st Semester|2nd Semester,AY 2025-2026|AY 2026-2027,NONE,NONE,NONE_IDENTIFIED,NONE,NONE,BADILLA,ENG 201|ENG 202,No clear prerequisite identified from the uploaded schedules.
COE,TASGRAM,TASGRAM,Teaching and Assessment of Grammar,Teaching and Assessment of Grammar,3,1st Semester,AY 2026-2027,NONE,NONE,NONE_IDENTIFIED,NONE,NONE,BADILLA,ENG 301,No clear prerequisite identified from the uploaded schedules.
COE,TASLIT,TASLIT,Teaching and Assessment of Literature,Teaching and Assessment of Literature,3,1st Semester,AY 2026-2027,NONE,NONE,NONE_IDENTIFIED,NONE,NONE,MERCADER,ENG 301,No clear prerequisite identified from the uploaded schedules.
COE,TASMAC,TASMAC,Teaching and Assessment of the Macroskills,Teaching and Assessment of the Macroskills,3,1st Semester,AY 2026-2027,NONE,NONE,NONE_IDENTIFIED,NONE,NONE,UNASSIGNED,ENG 301,No clear prerequisite identified from the uploaded schedules.
COE,TCP 1,TCP1,Technology for Teaching and Learning,Technology for Teaching and Learning,3,1st Semester,AY 2026-2027,NONE,NONE,NONE_IDENTIFIED,NONE,NONE,UNASSIGNED,TCP,No clear prerequisite identified from the uploaded schedules.
COE,TCP 2,TCP2,Assessment in Learning,Assessment in Learning,3,1st Semester,AY 2026-2027,NONE,NONE,NONE_IDENTIFIED,NONE,NONE,PERALTA,TCP,No clear prerequisite identified from the uploaded schedules.
COE,TCP 3,TCP3,Principles of Teaching,Principles of Teaching,3,1st Semester,AY 2026-2027,NONE,NONE,NONE_IDENTIFIED,NONE,NONE,UNASSIGNED,TCP,No clear prerequisite identified from the uploaded schedules.
COE,TCP 4,TCP4,CHILD AND ADOLESCENT DEVELOPMENT,CHILD AND ADOLESCENT DEVELOPMENT,3,2nd Semester,AY 2025-2026,NONE,NONE,NONE_IDENTIFIED,NONE,NONE,BELISARIO,TCP,No clear prerequisite identified from the uploaded schedules.
COE,TCP 5,TCP5,DEVELOPMENTAL READING,DEVELOPMENTAL READING,3,2nd Semester,AY 2025-2026,NONE,NONE,NONE_IDENTIFIED,NONE,NONE,BRAVO,TCP,No clear prerequisite identified from the uploaded schedules.
COE,TCP 6,TCP6,THE TEACHING PROFESSION,THE TEACHING PROFESSION,3,2nd Semester,AY 2025-2026,NONE,NONE,NONE_IDENTIFIED,NONE,NONE,PERALTA,TCP,No clear prerequisite identified from the uploaded schedules.
COE,TEAORG,TEAORG,"The Teacher and Community, School Culture, and Organizational Leadership","The Teacher and Community, School Culture, and Organizational Leadership",3,1st Semester|2nd Semester,AY 2025-2026|AY 2026-2027,NONE,NONE,NONE_IDENTIFIED,NONE,NONE,ABUBO|BEJOSA|BRAVO|DUYAN|SANCHEZ|SANTOS,ELEM 201|ELEM 202|ENG 201|ENG 202|FIL 201|FIL 202|SOC 201|VAL 201,No clear prerequisite identified from the uploaded schedules.
COE,TEARTS,TEARTS,Teaching Arts in the Elementary Grades,Teaching Arts in the Elementary Grades,3,1st Semester,AY 2026-2027,NONE,NONE,NONE_IDENTIFIED,NONE,NONE,NABUAB,ELEM 301|ELEM 302,No clear prerequisite identified from the uploaded schedules.
COE,TEASCURR,TEASCURR,The Teacher and The School Curriculum,The Teacher and The School Curriculum,3,1st Semester|2nd Semester,AY 2025-2026|AY 2026-2027,NONE,NONE,NONE_IDENTIFIED,NONE,NONE,BARAQUIEL|BELISARIO|BRAVO|SANCHEZ|VILLANUEVA,ELEM 201|ELEM 202|ENG 201|ENG 202|FIL 201|FIL 202|SOC 201|VAL 201,No clear prerequisite identified from the uploaded schedules.
COE,TECHWRIT,TECHWRIT,Technical Writing,Technical Writing,3,1st Semester|2nd Semester,AY 2025-2026|AY 2026-2027,NONE,NONE,NONE_IDENTIFIED,NONE,NONE,BADILLA,ENG 201|ENG 202,No clear prerequisite identified from the uploaded schedules.
COE,TFIL 1,TFIL1,Pagtuturo ng Filipino sa Elementarya (1) (Estruktura at Gamit ng Wikang Filipno),Pagtuturo ng Filipino sa Elementarya (1) (Estruktura at Gamit ng Wikang Filipno),3,1st Semester,AY 2026-2027,NONE,NONE,NONE_IDENTIFIED,NONE,NONE,CALANGIAN,ELEM 201|ELEM 202|ELEM 203,No clear prerequisite identified from the uploaded schedules.
COE,TFIL 2,TFIL2,Pagtuturo ng Filipino sa Elementarya (2) (Panitikan ng Pilipinas),Pagtuturo ng Filipino sa Elementarya (2) (Panitikan ng Pilipinas),3,2nd Semester,AY 2025-2026,TFIL1,ALL,INFERRED_SEQUENCE,NONE,NONE,CALANGIAN,ELEM 201|ELEM 202,Clear course sequence inferred from subject codes/descriptions.
COE,TLARTS,TLARTS,Teaching English in the Elementary Grades (Language Arts),Teaching English in the Elementary Grades (Language Arts),3,1st Semester,AY 2026-2027,NONE,NONE,NONE_IDENTIFIED,NONE,NONE,BADILLA,ELEM 301|ELEM 302,No clear prerequisite identified from the uploaded schedules.
COE,TLIT,TLIT,Teaching English in the Elementary Grades through Literature,Teaching English in the Elementary Grades through Literature,3,1st Semester,AY 2026-2027,NONE,NONE,NONE_IDENTIFIED,NONE,NONE,MERCADER,ELEM 301|ELEM 302,No clear prerequisite identified from the uploaded schedules.
COE,TMATH 1,TMATH1,Teaching Math in Primary Grades,Teaching Math in Primary Grades,3,1st Semester,AY 2026-2027,NONE,NONE,NONE_IDENTIFIED,NONE,NONE,SANGCO,ELEM 201|ELEM 202|ELEM 203,No clear prerequisite identified from the uploaded schedules.
COE,TMATH 2,TMATH2,Teaching Math in Intermidiate Grades,Teaching Math in Intermidiate Grades,3,2nd Semester,AY 2025-2026,TMATH1,ALL,INFERRED_SEQUENCE,NONE,NONE,SANGCO,ELEM 201|ELEM 202,Clear course sequence inferred from subject codes/descriptions.
COE,TMGC,TMGC,Teaching Multi-Grade Classes,Teaching Multi-Grade Classes,3,2nd Semester,AY 2025-2026,NONE,NONE,NONE_IDENTIFIED,NONE,NONE,BEJOSA,ELEM 301|ELEM 302|ELEM 303|ELEM 304,No clear prerequisite identified from the uploaded schedules.
COE,TMUSIC,TMUSIC,Teaching Music in the Elementary Grades,Teaching Music in the Elementary Grades,3,1st Semester,AY 2026-2027,NONE,NONE,NONE_IDENTIFIED,NONE,NONE,UNASSIGNED,ELEM 301|ELEM 302,No clear prerequisite identified from the uploaded schedules.
COE,TPEH,TPEH,Teaching PE and Health in the Elementary Grades,Teaching PE and Health in the Elementary Grades,3,2nd Semester,AY 2025-2026,NONE,NONE,NONE_IDENTIFIED,NONE,NONE,MONTEBON|NABUAB|OLET,ELEM 301|ELEM 302|ELEM 303|ELEM 304,No clear prerequisite identified from the uploaded schedules.
COE,TPROF,TPROF,The Teaching Profession,The Teaching Profession,3,1st Semester,AY 2026-2027,NONE,NONE,NONE_IDENTIFIED,NONE,NONE,BARAQUIEL|SANCHEZ,ELEM 201|ELEM 202|ELEM 203|ENG 201|FIL 201|SOCSCI 201|VAL 201,No clear prerequisite identified from the uploaded schedules.
COE,TRANSED,TRANSED,Transformative Education,Transformative Education,3,1st Semester,AY 2026-2027,NONE,NONE,NONE_IDENTIFIED,NONE,NONE,COMPETENTE,VAL 301,No clear prerequisite identified from the uploaded schedules.
COE,TRENDSOC,TRENDSOC,Trends and Issues in Social Studies,Trends and Issues in Social Studies,3,1st Semester,AY 2026-2027,NONE,NONE,NONE_IDENTIFIED,NONE,NONE,TULOD,SOC 301,No clear prerequisite identified from the uploaded schedules.
COE,TSCI 1,TSCI1,Teaching Science in the Elementary Grades (Biology and Chemistry),Teaching Science in Elementary Grades (Biology and Chemistry) | Teaching Science in the Elementary Grades (Biology and Chemistry),3,1st Semester,AY 2026-2027,NONE,NONE,NONE_IDENTIFIED,NONE,NONE,BRAVO,ELEM 201|ELEM 202|ELEM 203,No clear prerequisite identified from the uploaded schedules.
COE,TSCI 2,TSCI2,Teaching Science in Elementary Grades (Biology and Chemistry),Teaching Science in Elementary Grades (Biology and Chemistry),3,2nd Semester,AY 2025-2026,TSCI1,ALL,INFERRED_SEQUENCE,NONE,NONE,BELISARIO|TAN,ELEM 201|ELEM 202,Clear course sequence inferred from subject codes/descriptions.
COE,TSS 1,TSS1,Teaching Social Studies in the Elementary Grades (Culture and Geography),Teaching Social Studies in Elementary Grades (Philippine History and Government) | Teaching Social Studies in the Elementary Grades (Culture and Geography),3,1st Semester,AY 2026-2027,NONE,NONE,NONE_IDENTIFIED,NONE,NONE,BARAQUIEL,ELEM 201|ELEM 202|ELEM 203,No clear prerequisite identified from the uploaded schedules.
COE,TSS 2,TSS2,Teaching Social Studies in Elementary Grades (Philippine History and Government),Teaching Social Studies in Elementary Grades (Philippine History and Government),3,1st Semester,AY 2026-2027,TSS1,ALL,INFERRED_SEQUENCE,NONE,NONE,TULOD,ELEM 301|ELEM 302,Clear course sequence inferred from subject codes/descriptions.
COE,UNDSELF,UNDSELF,Understanding the Self/Pagunawa sa Sarili,Understanding the Self/Pagunawa sa Sarili,3,1st Semester,AY 2026-2027,NONE,NONE,NONE_IDENTIFIED,NONE,NONE,UNASSIGNED,EDUC 101|EDUC 102|EDUC 103|EDUC 104|EDUC 105|EDUC 106|EDUC 107,No clear prerequisite identified from the uploaded schedules.
COE,VISART,VISART,Reading Visual Art,Reading Visual Art,3,2nd Semester,AY 2025-2026,NONE,NONE,NONE_IDENTIFIED,NONE,NONE,CUADRA|CUISON|MERCADER|PORTILES|RICO,ELEM101|ELEM102|ELEM103|ELEM104|ENG 101|FIL 101|SOCSCI 101|VAL 101,No clear prerequisite identified from the uploaded schedules.
COE,WORLDHIS1,WORLDHIS1,World History 1 - Ancient and Medieval Era,World History 1 - Ancient and Medieval Era,3,1st Semester,AY 2026-2027,NONE,NONE,NONE_IDENTIFIED,NONE,NONE,UNASSIGNED,SOC 301,No clear prerequisite identified from the uploaded schedules.
COA,AACAP 1,AACAP1,AUDITING & ASSURANCE: CONCEPTS AND PRINCIPLES 1,AUDITING & ASSURANCE: CONCEPTS AND PRINCIPLES 1,3,1st Semester,AY 2026-2027,NONE,NONE,NONE_IDENTIFIED,NONE,NONE,UNASSIGNED,ACC 301|ACC 302|ACC 303,No clear prerequisite identified from the uploaded schedules.
COA,AAPRIN,AAPRIN,AUDITING & ASSURANCE PRINCIPLES,AUDITING & ASSURANCE PRINCIPLES,3,1st Semester,AY 2026-2027,NONE,NONE,NONE_IDENTIFIED,NONE,NONE,UNASSIGNED,ACC 301|ACC 302|ACC 303,No clear prerequisite identified from the uploaded schedules.
COA,AASPIN,AASPIN,AUDITING & ASSURANCE: SPECIALIZED INDUSTRY,AUDITING & ASSURANCE: SPECIALIZED INDUSTRY,3,2nd Semester,AY 2025-2026,NONE,NONE,NONE_IDENTIFIED,ACCAP2,ALL,UNASSIGNED,ACC 301|ACC 302|ACC 303,No clear prerequisite identified from the uploaded schedules. Possible review: Specialized-industry auditing commonly follows the second auditing and assurance course.
COA,ACCAP2,ACCAP2,AUDITING & ASSURANCE: CONCEPTS AND APPLICATIONS 2,AUDITING & ASSURANCE: CONCEPTS AND APPLICATIONS 2,3,2nd Semester,AY 2025-2026,NONE,NONE,NONE_IDENTIFIED,AACAP1,ALL,BARBIN|COSIMA,ACC 301|ACC 302|ACC 303,No clear prerequisite identified from the uploaded schedules. Possible review: Auditing and Assurance Concepts/Application 2 appears to follow the corresponding first course.
COA,ACCBC,ACCBC,ACCOUNTING FOR BUSINESS COMBINATION,ACCOUNTING FOR BUSINESS COMBINATION,3,1st Semester,AY 2026-2027,NONE,NONE,NONE_IDENTIFIED,NONE,NONE,UNASSIGNED,ACC 301|ACC 302|ACC 303,No clear prerequisite identified from the uploaded schedules.
COA,ACCINS,ACCINS,ACCOUNTING INFORMATION SYSTEM,ACCOUNTING INFORMATION SYSTEM,3,2nd Semester,AY 2025-2026,NONE,NONE,NONE_IDENTIFIED,NONE,NONE,BESCORO,ACC 201|ACC 202|ACC 203,No clear prerequisite identified from the uploaded schedules.
COA,ACCINTERN,ACCINTERN,ACCOUNTING INTERNSHIP,ACCOUNTING INTERNSHIP,6,1st Semester,AY 2026-2027,NONE,NONE,NONE_IDENTIFIED,NONE,NONE,UNASSIGNED,ACC 401|ACC 402|ACC 403,No clear prerequisite identified from the uploaded schedules.
COA,ACCREM,ACCREM,ACCOUNTING RESEARCH METHOD,ACCOUNTING RESEARCH METHOD,3,2nd Semester,AY 2025-2026,NONE,NONE,NONE_IDENTIFIED,NONE,NONE,MEDINA-CRUZ,ACC 301|ACC 302|ACC 303,No clear prerequisite identified from the uploaded schedules.
COA,ACCRES,ACCRES,ACCOUNTANCY RESEARCH,ACCOUNTANCY RESEARCH,3,1st Semester,AY 2026-2027,NONE,NONE,NONE_IDENTIFIED,ACCREM,ALL,UNASSIGNED,ACC 401|ACC 402|ACC 403,No clear prerequisite identified from the uploaded schedules. Possible review: Accountancy Research commonly follows Accounting Research Methods.
COA,ACCST,ACCST,ACCOUNTING FOR SPECIAL TRANSACTION,ACCOUNTING FOR SPECIAL TRANSACTION,3,1st Semester,AY 2026-2027,NONE,NONE,NONE_IDENTIFIED,NONE,NONE,UNASSIGNED,ACC 301|ACC 302|ACC 303,No clear prerequisite identified from the uploaded schedules.
COA,AGOVNPO,AGOVNPO,ACCOUNTING FOR GOVERNMENT AND NON-PROFIT ORGANIZATION,ACCOUNTING FOR GOVERNMENT AND NON-PROFIT ORGANIZATION,3,2nd Semester,AY 2025-2026,NONE,NONE,NONE_IDENTIFIED,NONE,NONE,RAMOS,ACC 301|ACC 302|ACC 303,No clear prerequisite identified from the uploaded schedules.
COA,ARTAPP,ARTAPP,Art Appreciation,Art Appreciation,3,2nd Semester,AY 2025-2026,NONE,NONE,NONE_IDENTIFIED,NONE,NONE,CARPILA|GALLEN,ACC 201|ACC 202|ACC 203,No clear prerequisite identified from the uploaded schedules.
COA,AUCISE,AUCISE,AUDITING IN CIS ENVIRONMENT,AUDITING IN CIS ENVIRONMENT,3,2nd Semester,AY 2025-2026,NONE,NONE,NONE_IDENTIFIED,NONE,NONE,BESCORO,ACC 301|ACC 302|ACC 303,No clear prerequisite identified from the uploaded schedules.
COA,BGBERMIC,BGBERMIC,"GOVERNANCE,BUSINESS ETHICS,RISK,MANAGEMENT AND INTERNAL CONTROL","GOVERNANCE,BUSINESS ETHICS,RISK,MANAGEMENT AND INTERNAL CONTROL",3,2nd Semester,AY 2025-2026,NONE,NONE,NONE_IDENTIFIED,NONE,NONE,LIM,ACC 201|ACC 202|ACC 203,No clear prerequisite identified from the uploaded schedules.
COA,BLAWREG,BLAWREG,BUSINESS LAW AND REGULATIONS,BUSINESS LAW AND REGULATIONS,3,1st Semester,AY 2026-2027,NONE,NONE,NONE_IDENTIFIED,NONE,NONE,UNASSIGNED,ACC 201|ACC 202|ACC 203,No clear prerequisite identified from the uploaded schedules.
COA,BUSTAX,BUSTAX,BUSINESS TAXATION,BUSINESS TAXATION,3,2nd Semester,AY 2025-2026,NONE,NONE,NONE_IDENTIFIED,INCTAX,ALL,UNASSIGNED,ACC 201|ACC 202|ACC 203,No clear prerequisite identified from the uploaded schedules. Possible review: Business Taxation commonly follows Income Taxation.
COA,CONFRAST,CONFRAST,CONCEPTUAL FRAMEWORK AND STANDARD,CONCEPTUAL FRAMEWORK AND STANDARD,3,2nd Semester,AY 2025-2026,NONE,NONE,NONE_IDENTIFIED,NONE,NONE,BARBIN|RONIDEL,ACC 101|ACC 102|ACC 103,No clear prerequisite identified from the uploaded schedules.
COA,CONWRLD,CONWRLD,The Contemporary World,The Contemporary World,3,1st Semester,AY 2026-2027,NONE,NONE,NONE_IDENTIFIED,NONE,NONE,ALONZO,ACC 101|ACC 102|ACC 103|ACC 104,No clear prerequisite identified from the uploaded schedules.
COA,COSTACC,COSTACC,COST ACCOUNTING AND CONTROL,COST ACCOUNTING AND CONTROL,3,2nd Semester,AY 2025-2026,NONE,NONE,NONE_IDENTIFIED,FUNDACC1,ALL,BARBIN|RAMOS,ACC 101|ACC 102|ACC 103,No clear prerequisite identified from the uploaded schedules. Possible review: Cost Accounting commonly follows Fundamentals of Accounting.
COA,ECODEV,ECODEV,ECONOMIC DEVELOPMENT,ECONOMIC DEVELOPMENT,3,2nd Semester,AY 2025-2026,NONE,NONE,NONE_IDENTIFIED,NONE,NONE,LIM,ACC 101|ACC 102|ACC 103,No clear prerequisite identified from the uploaded schedules.
COA,ENTREMIN,ENTREMIN,THE ENTREPRENEURIAL MIND,THE ENTREPRENEURIAL MIND,3,2nd Semester,AY 2025-2026,NONE,NONE,NONE_IDENTIFIED,NONE,NONE,UNASSIGNED,ACC 401|ACC 402,No clear prerequisite identified from the uploaded schedules.
COA,ENVISCI,ENVISCI,Environmental Science,Environmental Science,3,1st Semester,AY 2026-2027,NONE,NONE,NONE_IDENTIFIED,NONE,NONE,ALARIAO,ACC 201|ACC 202|ACC 203,No clear prerequisite identified from the uploaded schedules.
COA,ETHICS,ETHICS,ETHICS,ETHICS,3,1st Semester,AY 2026-2027,NONE,NONE,NONE_IDENTIFIED,NONE,NONE,UNASSIGNED,ACC 201|ACC 202|ACC 203,No clear prerequisite identified from the uploaded schedules.
COA,FINACC,FINACC,FINANCIAL ACCOUNTING AND REPORTING,FINANCIAL ACCOUNTING AND REPORTING,3,1st Semester,AY 2026-2027,NONE,NONE,NONE_IDENTIFIED,FUNDACC1,ALL,UNASSIGNED,ACC 101|ACC 102|ACC 103|ACC 104,No clear prerequisite identified from the uploaded schedules. Possible review: Financial Accounting and Reporting commonly follows Fundamentals of Accounting.
COA,FINMAN,FINMAN,FINANCIAL MANAGEMENT,FINANCIAL MANAGEMENT,3,1st Semester,AY 2026-2027,NONE,NONE,NONE_IDENTIFIED,NONE,NONE,RONIDEL,ACC 301|ACC 302|ACC 303,No clear prerequisite identified from the uploaded schedules.
COA,FINMAR,FINMAR,FINANCIAL MARKET,FINANCIAL MARKET,3,2nd Semester,AY 2025-2026,NONE,NONE,NONE_IDENTIFIED,NONE,NONE,RONIDEL,ACC 201|ACC 202|ACC 203,No clear prerequisite identified from the uploaded schedules.
COA,FUNDACC 1,FUNDACC1,FUNDAMENTALS OF ACCOUNTING 1 & 2,FUNDAMENTALS OF ACCOUNTING 1 & 2 | FUNDAMENTALS OF ACCOUNTING 1&2,3,1st Semester,AY 2026-2027,NONE,NONE,NONE_IDENTIFIED,NONE,NONE,UNASSIGNED,ACC 101|ACC 102|ACC 103|ACC 104,No clear prerequisite identified from the uploaded schedules.
COA,HUBEORG,HUBEORG,Human Behavior in Organization,Human Behavior in Organization,3,1st Semester,AY 2026-2027,NONE,NONE,NONE_IDENTIFIED,NONE,NONE,CANAY,ACC 301|ACC 302|ACC 303,No clear prerequisite identified from the uploaded schedules.
COA,IBUSTRA,IBUSTRA,INTERNATIONAL BUSINESS AND TRADE,INTERNATIONAL BUSINESS AND TRADE,3,2nd Semester,AY 2025-2026,NONE,NONE,NONE_IDENTIFIED,NONE,NONE,CACULITAN|RONIDEL,ACC 301|ACC 302|ACC 303,No clear prerequisite identified from the uploaded schedules.
COA,INCTAX,INCTAX,INCOME TAXATION,INCOME TAXATION,3,1st Semester,AY 2026-2027,NONE,NONE,NONE_IDENTIFIED,NONE,NONE,UNASSIGNED,ACC 201|ACC 202|ACC 203,No clear prerequisite identified from the uploaded schedules.
COA,INTACC1,INTACC1,INTERMEDIATE ACCOUNTING 1,INTERMEDIATE ACCOUNTING 1,6,2nd Semester,AY 2025-2026,NONE,NONE,NONE_IDENTIFIED,NONE,NONE,BARBIN|COSINA,ACC 101|ACC 102|ACC 103,No clear prerequisite identified from the uploaded schedules.
COA,INTACC 2,INTACC2,INTERMEDIATE ACCOUNTING 2,INTERMEDIATE ACCOUNTING 2,3,1st Semester,AY 2026-2027,INTACC1,ALL,INFERRED_SEQUENCE,NONE,NONE,UNASSIGNED,ACC 201|ACC 202|ACC 203,Clear course sequence inferred from subject codes/descriptions.
COA,INTACC3,INTACC3,INTERMEDIATE ACCOUNTING 3,INTERMEDIATE ACCOUNTING 3,3,2nd Semester,AY 2025-2026,INTACC2,ALL,INFERRED_SEQUENCE,NONE,NONE,BARBIN|COSINA,ACC 201|ACC 202|ACC 203,Clear course sequence inferred from subject codes/descriptions.
COA,IT-ATB,ITATB,IT APPLICATION TOOLS IN BUSINESS,IT APPLICATION TOOLS IN BUSINESS,3,1st Semester,AY 2026-2027,NONE,NONE,NONE_IDENTIFIED,NONE,NONE,SORIANO,ACC 201|ACC 202|ACC 203,No clear prerequisite identified from the uploaded schedules.
COA,KOMFIL,KOMFIL,Kontekswalisadong Komunikasyon sa Filipino,Kontekstwalisadong Komunikasyon sa Filipino | Kontekswalisadong Komunikasyon sa Filipino,3,1st Semester,AY 2026-2027,NONE,NONE,NONE_IDENTIFIED,NONE,NONE,CALANGIAN|MARQUEZ,ACC 101|ACC 102|ACC 103|ACC 104,No clear prerequisite identified from the uploaded schedules.
COA,LEAD 1,LEAD1,Leadership 1,Leadership 1,1.5,1st Semester,AY 2026-2027,NONE,NONE,NONE_IDENTIFIED,NONE,NONE,UNASSIGNED,ACC 101|ACC 102|ACC 103|ACC 104,No clear prerequisite identified from the uploaded schedules.
COA,LEAD 2,LEAD2,Leadership 2,Leadership 2,1.5,2nd Semester,AY 2025-2026,LEAD1,ALL,INFERRED_SEQUENCE,NONE,NONE,JUVELYN|LORETO|SALONGA,ACC 101|ACC 102|ACC 103,Clear course sequence inferred from subject codes/descriptions.
COA,LEAD 3,LEAD3,Leadership 1,Leadership 1 | Leadership 3,1.5,1st Semester,AY 2026-2027,LEAD2,ALL,INFERRED_SEQUENCE,NONE,NONE,UNASSIGNED,ACC 201|ACC 202|ACC 203,Clear course sequence inferred from subject codes/descriptions.
COA,LEAD 4,LEAD4,Leadership 4,Leadership 4,1.5,2nd Semester,AY 2025-2026,LEAD3,ALL,INFERRED_SEQUENCE,NONE,NONE,JUVELYN|SALONGA,ACC 201|ACC 202|ACC 203,Clear course sequence inferred from subject codes/descriptions.
COA,LEAD 5,LEAD5,Leadership 5,Leadership 5,1.5,1st Semester,AY 2026-2027,LEAD4,ALL,INFERRED_SEQUENCE,NONE,NONE,UNASSIGNED,ACC 301|ACC 302|ACC 303,Clear course sequence inferred from subject codes/descriptions.
COA,LEAD 6,LEAD6,Leadership 6,Leadership 6,1.5,2nd Semester,AY 2025-2026,LEAD5,ALL,INFERRED_SEQUENCE,NONE,NONE,LORETO|SALONGA,ACC 301|ACC 302|ACC 303,Clear course sequence inferred from subject codes/descriptions.
COA,LEAD 7,LEAD7,Leadership 7,Leadership 7,1.5,1st Semester,AY 2026-2027,LEAD6,ALL,INFERRED_SEQUENCE,NONE,NONE,UNASSIGNED,ACC 401|ACC 402|ACC 403,Clear course sequence inferred from subject codes/descriptions.
COA,LEAD8,LEAD8,Leadership 8,Leadership 8,1.5,2nd Semester,AY 2025-2026,LEAD7,ALL,INFERRED_SEQUENCE,NONE,NONE,JUVELYN|LORETO,ACC 401|ACC 402,Clear course sequence inferred from subject codes/descriptions.
COA,MANECO,MANECO,MANAGERIAL ECONOMICS,MANAGERIAL ECONOMICS,3,1st Semester,AY 2026-2027,NONE,NONE,NONE_IDENTIFIED,NONE,NONE,UNASSIGNED,ACC 101|ACC 102|ACC 103|ACC 104,No clear prerequisite identified from the uploaded schedules.
COA,MANSCI,MANSCI,MANAGEMENT SCIENCE,MANAGEMENT SCIENCE,3,1st Semester,AY 2026-2027,NONE,NONE,NONE_IDENTIFIED,NONE,NONE,BERNABE,ACC 201|ACC 202|ACC 203,No clear prerequisite identified from the uploaded schedules.
COA,MATHWRLD,MATHWRLD,Mathematics in the Modern World,Mathematics in the Modern World,3,2nd Semester,AY 2025-2026,NONE,NONE,NONE_IDENTIFIED,NONE,NONE,AMPARADO,ACC 101|ACC 102|ACC 103,No clear prerequisite identified from the uploaded schedules.
COA,NSTP 1,NSTP1,National Service Traning Program 1,National Service Training Program 1 | National Service Traning Program 1,3,1st Semester,AY 2026-2027,NONE,NONE,NONE_IDENTIFIED,NONE,NONE,MARTER,ACC 101|ACC 102|ACC 103|ACC 104,No clear prerequisite identified from the uploaded schedules.
COA,NSTP 2,NSTP2,National Service Training Program 2,National Service Training Program 2,3,2nd Semester,AY 2025-2026,NSTP1,ALL,INFERRED_SEQUENCE,NONE,NONE,MARTER,ACC 101|ACC 102|ACC 103,Clear course sequence inferred from subject codes/descriptions.
COA,OBLICON,OBLICON,LAW ON OBLIGATION AND CONTRACTS,LAW ON OBLIGATION AND CONTRACTS,3,2nd Semester,AY 2025-2026,NONE,NONE,NONE_IDENTIFIED,NONE,NONE,TULOD,ACC 101|ACC 102|ACC 103,No clear prerequisite identified from the uploaded schedules.
COA,OM-TQM,OMTQM,OPERATIONS MANAGEMENT AND TQM,OPERATIONS MANAGEMENT AND TQM,,1st Semester,AY 2026-2027,NONE,NONE,NONE_IDENTIFIED,NONE,NONE,UNASSIGNED,ACC 104,No clear prerequisite identified from the uploaded schedules.
COA,PATHFIT 1,PATHFIT1,Physical Activity Towards Health and Fitness,Physical Activity Towards Health and Fitness,2,1st Semester,AY 2026-2027,NONE,NONE,NONE_IDENTIFIED,NONE,NONE,ARRABIS,ACC 101|ACC 102|ACC 103|ACC 104,No clear prerequisite identified from the uploaded schedules.
COA,PATHFIT2,PATHFIT2,Exercise-Based Course,Exercise-Based Course,2,2nd Semester,AY 2025-2026,PATHFIT1,ALL,INFERRED_SEQUENCE,NONE,NONE,GABUYA|LORETO,ACC 101|ACC 102|ACC 103,Clear course sequence inferred from subject codes/descriptions.
COA,PATHFIT 3,PATHFIT3,Dance and Fitness Wellness,Dance and Fitness Wellness,2,1st Semester,AY 2026-2027,PATHFIT2,ALL,INFERRED_SEQUENCE,NONE,NONE,UNASSIGNED,ACC 201|ACC 202|ACC 203,Clear course sequence inferred from subject codes/descriptions.
COA,PE 4,PE4,Team Sports,Team Sports,2,2nd Semester,AY 2025-2026,PATHFIT3,ALL,INFERRED_SEQUENCE,NONE,NONE,GABUYA|MONTEBON|NABUAB,ACC 201|ACC 202|ACC 203,PE 4 appears as the fourth PE/PATHFIT subject after PATHFIT 3.
COA,PHILHIST,PHILHIST,Reading in Philippine History,Reading in Philippine History | Readings in Philippine History,3,1st Semester,AY 2026-2027,NONE,NONE,NONE_IDENTIFIED,NONE,NONE,CORRALES,ACC 101|ACC 102|ACC 103|ACC 104,No clear prerequisite identified from the uploaded schedules.
COA,PMTACC,PMTACC,PRINCIPLES AND METHOD OF TEACHING ACCOUNTING,PRINCIPLES AND METHOD OF TEACHING ACCOUNTING,3,2nd Semester,AY 2025-2026,NONE,NONE,NONE_IDENTIFIED,NONE,NONE,UNASSIGNED,ACC 301|ACC 302|ACC 303,No clear prerequisite identified from the uploaded schedules.
COA,PURPCOMM,PURPCOMM,Purposive Communication,Purposive Communication,3,2nd Semester,AY 2025-2026,NONE,NONE,NONE_IDENTIFIED,NONE,NONE,BADILLA,ACC 101|ACC 102|ACC 103,No clear prerequisite identified from the uploaded schedules.
COA,QM-TQM,QMTQM,OPERATIONS MANAGEMENT AND TQM,OPERATIONS MANAGEMENT AND TQM,3,1st Semester,AY 2026-2027,NONE,NONE,NONE_IDENTIFIED,NONE,NONE,UNASSIGNED,ACC 101|ACC 102|ACC 103,No clear prerequisite identified from the uploaded schedules.
COA,RFLIB,RFLIB,REGULATORY FRAMEWORK AND LEGAL,REGULATORY FRAMEWORK AND LEGAL,3,2nd Semester,AY 2025-2026,NONE,NONE,NONE_IDENTIFIED,NONE,NONE,CACULITAN|TULOD,ACC 201|ACC 202|ACC 203,No clear prerequisite identified from the uploaded schedules.
COA,RIZAL,RIZAL,Rizal's Life & Works,Rizal's Life & Works,3,2nd Semester,AY 2025-2026,NONE,NONE,NONE_IDENTIFIED,NONE,NONE,CORRALES,ACC 201|ACC 202|ACC 203,No clear prerequisite identified from the uploaded schedules.
COA,SBUSANA,SBUSANA,STRATEGIC BUSINESS ANALYSIS,STRATEGIC BUSINESS ANALYSIS,3,1st Semester,AY 2026-2027,NONE,NONE,NONE_IDENTIFIED,NONE,NONE,RONIDEL,ACC 401|ACC 402|ACC 403,No clear prerequisite identified from the uploaded schedules.
COA,SCITECH,SCITECH,"Science, Technology, and Society","Science, Technology, and Society",3,2nd Semester,AY 2025-2026,NONE,NONE,NONE_IDENTIFIED,NONE,NONE,DELGADO|PARTO,ACC 401|ACC 402,No clear prerequisite identified from the uploaded schedules.
COA,SCOSMAN,SCOSMAN,STRATEGIC COST MANAGEMENT,STRATEGIC COST MANAGEMENT,3,1st Semester,AY 2026-2027,NONE,NONE,NONE_IDENTIFIED,NONE,NONE,UNASSIGNED,ACC 201|ACC 202|ACC 203,No clear prerequisite identified from the uploaded schedules.
COA,SOSLIT,SOSLIT,Sosyedad at Literatura,Sosyedad at Literatura,3,2nd Semester,AY 2025-2026,NONE,NONE,NONE_IDENTIFIED,NONE,NONE,ACOSTA|CUADRA|JABONITA,ACC 101|ACC 102|ACC 103,No clear prerequisite identified from the uploaded schedules.
COA,STASSAP,STASSAP,STATISTICAL ANALYSIS WITH SOFTWARE APPLICATION,STATISTICAL ANALYSIS WITH SOFTWARE APPLICATION,3,1st Semester,AY 2026-2027,NONE,NONE,NONE_IDENTIFIED,NONE,NONE,SORIANO,ACC 301|ACC 302|ACC 303,No clear prerequisite identified from the uploaded schedules.
COA,STRAMAN,STRAMAN,Strategic Management,Strategic Management,3,2nd Semester,AY 2025-2026,NONE,NONE,NONE_IDENTIFIED,NONE,NONE,BERNABE|CACULITAN,ACC 401|ACC 402,No clear prerequisite identified from the uploaded schedules.
COA,UNDSELF,UNDSELF,Understanding the Self/ Pag unawa sa Sarili,Understanding the Self | Understanding the Self/ Pag unawa sa Sarili,3,1st Semester,AY 2026-2027,NONE,NONE,NONE_IDENTIFIED,NONE,NONE,ARRABIS|GALLEN,ACC 101|ACC 102|ACC 103|ACC 104,No clear prerequisite identified from the uploaded schedules.
COA,UPFRS,UPFRS,UPDATES IN FINANCIAL REPORTING STANDARDS,UPDATES IN FINANCIAL REPORTING STANDARDS,3,2nd Semester,AY 2025-2026,NONE,NONE,NONE_IDENTIFIED,NONE,NONE,LASANG,ACC 401|ACC 402,No clear prerequisite identified from the uploaded schedules.
COA,VALCOMET,VALCOMET,VALUATION CONCEPTS AND METHODS,VALUATION CONCEPTS AND METHODS,3,2nd Semester,AY 2025-2026,NONE,NONE,NONE_IDENTIFIED,NONE,NONE,LASANG,ACC 401|ACC 402,No clear prerequisite identified from the uploaded schedules.
COA,VISART,VISART,Reading Visual Art,Reading Visual Art,3,2nd Semester,AY 2025-2026,NONE,NONE,NONE_IDENTIFIED,NONE,NONE,CUADRA|RICO,ACC 401|ACC 402,No clear prerequisite identified from the uploaded schedules.
